{
  "code": 0,
  "cmd": "getAppsByTypeLevel",
  "data": {
    "result": [
      {
        "appId": 97,
        "appName": "公示投票",
        "appService": "TOOL_TOUPIAO",
        "appTypeId": 12,
        "appUrl": "http://10.42.0.235:9008/qapp/voteInterface/myVoteAll",
        "imgPath": "./img/png1.png",
        "description": "     发起人对一项活动进行已投票的方式发起，然后发送到其他人手中来进行投票表决，投票模式可分为匿名和记名，记名模式还可与查看投票人员名单。",
        "developCompany": 1,
        "buildDept": "视频警察支队",
        "ieFlag": 0,
        "listOrder": -6,
        "isInstall": 1,
        "installDate": "2017-09-20 16:04:18"
      },
      {
        "appId": 33,
        "appName": "技侦预受案平台",
        "appService": "YSASP",
        "appTypeId": 7,
        "appUrl": "http://10.42.13.238",
        "imgPath": "./img/png4.png",
        "description": "提供对预受案件的查询和审批功能",
        "developCompany": 1,
        "buildDept": "技术侦察支队",
        "ieFlag": 0,
        "listOrder": 2,
        "isInstall": 1,
        "installDate": "2017-09-20 16:04:55"
      },
      {
        "appId": 14,
        "appName": "情报中心云平台hhh",
        "appService": "SZICP",
        "appTypeId": 5,
        "appUrl": "",
        "imgPath": "./img/png1.png",
        "description": "情报中心云平台用于情报系统的流程审批。应用主页提供分类列表，包括待审批和已审批列表；点击列表项可进入详情页去审批流程，或浏览流程的审批记录。",
        "developCompany": 1,
        "buildDept": "视频警察支队",
        "ieFlag": 0,
        "listOrder": 3,
        "isInstall": 1,
        "installDate": "2017-09-20 16:04:55"
      },
      {
        "appId": 35,
        "appName": "警用百度",
        "appService": "POLICE-BAIDU",
        "appTypeId": 5,
        "appUrl": "http://10.42.0.235:9000",
        "imgPath": "./img/png5.png",
        "description": "在公安专网内，建立的一个搜索引擎平台，当用户以关键词查找信息时，搜索引擎会在数据库中进行搜寻，匹配与用户要求内容相符的新闻，微博，博客，论坛和报纸等信息。",
        "developCompany": 1,
        "buildDept": "网警支队",
        "ieFlag": 0,
        "listOrder": 29,
        "isInstall": 1,
        "installDate": "2017-09-19 15:29:35"
      },
      {
        "appId": 31,
        "appName": "福田涉黄人员管控",
        "appService": "FT_SHRY",
        "appTypeId": 11,
        "appUrl": null,
        "imgPath": "./img/png1.png",
        "description": "基于警务云终端的福田涉黄人员管控app，可以随时随地对涉黄人员进行签收、办理、转发等操作，以及查看各类统计数据",
        "developCompany": 5,
        "buildDept": "福田分局",
        "ieFlag": 0,
        "listOrder": 74,
        "isInstall": 1,
        "installDate": "2017-09-12 15:07:20"
      },
      {
        "appId": 82,
        "appName": "市局主页",
        "appService": "SZGAWEB",
        "appTypeId": 9,
        "appUrl": "http://10.42.0.235:9000",
        "imgPath": "./img/png3.png",
        "description": "分类展示全局通用内部新闻内容",
        "developCompany": 1,
        "buildDept": "视频警察支队",
        "ieFlag": 0,
        "listOrder": 90,
        "isInstall": 1,
        "installDate": "2017-09-25 14:39:28"
      },
      {
        "appId": 34,
        "appName": "罗湖分局主页",
        "appService": "LUOHU_WEB",
        "appTypeId": 9,
        "appUrl": "http://10.42.0.235:9000",
        "imgPath": "./img/png4.png",
        "description": "实现与罗湖分局主页的初步对接，分类展示部门动态、派出所动态、通知文件、分局动态信息",
        "developCompany": 1,
        "buildDept": "罗湖分局",
        "ieFlag": 0,
        "listOrder": 92,
        "isInstall": 1,
        "installDate": "2017-09-12 15:07:20"
      },
      {
        "appId": 87,
        "appName": "坪山分局主页",
        "appService": "PINGSHAN_WEB",
        "appTypeId": 9,
        "appUrl": "http://10.42.0.235:9000",
        "imgPath": "./img/png1.png",
        "description": "分类展示坪山分局内部新闻内容。",
        "developCompany": 1,
        "buildDept": "坪山分局",
        "ieFlag": 0,
        "listOrder": 96,
        "isInstall": 1,
        "installDate": "2017-09-12 15:07:20"
      },
      {
        "appId": 18,
        "appName": "龙华分局主页",
        "appService": "LHFJWEB",
        "appTypeId": 9,
        "appUrl": "http://10.42.0.235:9000",
        "imgPath": "./img/png6.png",
        "description": "实现与福田分局主页的初步对接，分类展示通知通告、领导批示、新闻动态、工作信息、宣传专栏信息",
        "developCompany": 1,
        "buildDept": "龙华分局",
        "ieFlag": 0,
        "listOrder": 97,
        "isInstall": 1,
        "installDate": "2017-09-19 15:02:14"
      },
      {
        "appId": 54,
        "appName": "大鹏分局主页",
        "appService": "DPFJWEB",
        "appTypeId": 9,
        "appUrl": "http://10.42.0.235:9000",
        "imgPath": "./img/png1.png",
        "description": "实现与大鹏分局主页的初步对接，分类展示通知公告、机关动态、基层动态信息",
        "developCompany": 1,
        "buildDept": "大鹏分局",
        "ieFlag": 0,
        "listOrder": 98,
        "isInstall": 1,
        "installDate": "2017-09-12 15:07:20"
      },
      {
        "appId": 45,
        "appName": "光明分局主页",
        "appService": "GMFJWEB",
        "appTypeId": 9,
        "appUrl": "http://10.42.0.235:9000",
        "imgPath": "./img/png1.png",
        "description": "实现与深圳市光明分局主页的初步对接，分类展示光明分局动态、通知通告、信息快讯、文件简报信息。",
        "developCompany": 1,
        "buildDept": "光明分局",
        "ieFlag": 0,
        "listOrder": 146,
        "isInstall": 1,
        "installDate": "2017-09-12 15:07:20"
      },
      {
        "appId": 67,
        "appName": "宝安e法",
        "appService": "BA_ELAW",
        "appTypeId": 5,
        "appUrl": "http://10.235.142.34:9090",
        "imgPath": "./img/png1.png",
        "description": "将基层民警日常工作中常用的法律法规和内部执法指引搜集整理成电子执法手册，便于民警在工作过程中查阅学习，为民警执法办案提供实时法律支持。",
        "developCompany": 13,
        "buildDept": "宝安分局",
        "ieFlag": 0,
        "listOrder": 163,
        "isInstall": 1,
        "installDate": "2017-09-12 15:07:20"
      },
      {
        "appId": 69,
        "appName": "网警快报",
        "appService": "WANGJING_NEWS",
        "appTypeId": 5,
        "appUrl": "http://10.42.45.221:8080",
        "imgPath": "./img/png1.png",
        "description": "实现各个分局要闻信息预览，重点监测信息预览，自能添加单位查看信息,提供领导批示，专题信息查看、图标分析。",
        "developCompany": 1,
        "buildDept": "网警支队",
        "ieFlag": 0,
        "listOrder": 165,
        "isInstall": 1,
        "installDate": "2017-09-12 15:07:20"
      }
    ],
    "count": 13
  }
}
