{
  "code": 0,
  "cmd": "getAppsByTypeLevel",
  "data": [
    {
      "appTypeId": 13,
      "name": "全部应用",
      "parentId": 0,
      "imgPath": "/upload/appService/201709/fzbg.png",
      "description": null,
      "listOrder": 1
    },
    {
      "appTypeId": 14,
      "name": "已安装应用",
      "parentId": 0,
      "imgPath": "/upload/appService/201709/spjk.png",
      "description": null,
      "listOrder": 2
    },
    {
      "appTypeId": 15,
      "name": "常用应用",
      "parentId": 0,
      "imgPath": "/upload/appService/201709/wzzx.png",
      "description": null,
      "listOrder": 3
    }
  ]
}