{
    "code":0,
    "cmd":"getAppsByTypeLevel",
    "data":{
        "result":[
            {
                "appId":82,
                "appName":"市局主页",
                "appService":"SZGAWEB",
                "appTypeId":9,
                "appUrl":"http://localhost:8080/test/1.html",
                "imgPath":"//upload//201705//3.png",
                "description":"分类展示全局通用内部新闻内容",
                "developCompany":1,
                "buildDept":"视频警察支队",
                "ieFlag":0,
                "listOrder":90,
                "isInstall":1,
                "installDate":"2017-09-25 14:39:28"
            },
            {
                "appId":34,
                "appName":"罗湖分局主页",
                "appService":"LUOHU_WEB",
                "appTypeId":9,
                "appUrl":"http://localhost:8080/test/2.html",
                "imgPath":"//upload//201705//4.png",
                "description":"实现与罗湖分局主页的初步对接，分类展示部门动态、派出所动态、通知文件、分局动态信息",
                "developCompany":1,
                "buildDept":"罗湖分局",
                "ieFlag":0,
                "listOrder":92,
                "isInstall":1,
                "installDate":"2017-09-12 15:07:20"
            },
            {
                "appId":87,
                "appName":"坪山分局主页",
                "appService":"PINGSHAN_WEB",
                "appTypeId":9,
                "appUrl":"http://localhost:8080/test/3.html",
                "imgPath":"//upload//201705//9.png",
                "description":"分类展示坪山分局内部新闻内容。",
                "developCompany":1,
                "buildDept":"坪山分局",
                "ieFlag":0,
                "listOrder":96,
                "isInstall":1,
                "installDate":"2017-09-12 15:07:20"
            },
            {
                "appId":18,
                "appName":"龙华分局主页",
                "appService":"LHFJWEB",
                "appTypeId":9,
                "appUrl":"http://localhost:8080/test/4.html",
                "imgPath":"//upload//201705//6.png",
                "description":"实现与福田分局主页的初步对接，分类展示通知通告、领导批示、新闻动态、工作信息、宣传专栏信息",
                "developCompany":1,
                "buildDept":"龙华分局",
                "ieFlag":0,
                "listOrder":97,
                "isInstall":1,
                "installDate":"2017-09-19 15:02:14"
            },
            {
                "appId":54,
                "appName":"大鹏分局主页",
                "appService":"DPFJWEB",
                "appTypeId":9,
                "appUrl":"http://localhost:8080/test/5.html",
                "imgPath":"//upload//201705//1.png",
                "description":"实现与大鹏分局主页的初步对接，分类展示通知公告、机关动态、基层动态信息",
                "developCompany":1,
                "buildDept":"大鹏分局",
                "ieFlag":0,
                "listOrder":98,
                "isInstall":1,
                "installDate":"2017-09-12 15:07:20"
            },
            {
                "appId":45,
                "appName":"光明分局主页",
                "appService":"GMFJWEB",
                "appTypeId":9,
                "appUrl":"http://localhost:8080/test/6.html",
                "imgPath":"//upload//201705//1.png",
                "description":"实现与深圳市光明分局主页的初步对接，分类展示光明分局动态、通知通告、信息快讯、文件简报信息。",
                "developCompany":1,
                "buildDept":"光明分局",
                "ieFlag":0,
                "listOrder":146,
                "isInstall":1,
                "installDate":"2017-09-12 15:07:20"
            }
        ],
        "count":6
    }
}
