{
    "code": 0,
    "cmd": "/MainNoticeService/notice/getDeptUsers",
    "data": [
        {
            "pathtree": "/所有部门/深圳市公安局/测试单位/星火公司",
            "py": "XHGS",
            "users": [
                {
                    "userLoginId": "lgp",
                    "userPassword": "e10adc3949ba59abbe56e057f20f883e",
                    "gender": 1,
                    "isDeleted": 0,
                    "departmentId": 7879045,
                    "listOrder": -1,
                    "lastUpdateName": "钟志才",
                    "userName": "刘赣平",
                    "deptCode": "440300120000xx",
                    "userCode": "lgp",
                    "lastUpdateTime": "2017-09-11 14:56:51",
                    "status": 1
                },
                {
                    "userPassword": "2138cb5b0302e84382dd9b3677576b24",
                    "gender": 1,
                    "departmentId": 2712740,
                    "userName": "邹龙明",
                    "userCode": "zoulongming",
                    "userLoginId": "zoulongming",
                    "isDeleted": 0,
                    "listOrder": 3,
                    "lastUpdateName": "曹健",
                    "position": "科员",
                    "deptCode": "440300120000X2",
                    "lastUpdateTime": "2017-09-21 10:33:04",
                    "status": 1
                },
                {
                    "userLoginId": "lidong",
                    "userPassword": "2f628babbce25bb79ff403642148da8f",
                    "gender": 1,
                    "isDeleted": 0,
                    "departmentId": 2712740,
                    "listOrder": 5,
                    "lastUpdateName": "OA",
                    "userName": "李冬",
                    "deptCode": "440300120000X2",
                    "userCode": "lidong",
                    "lastUpdateTime": "2017-08-09 14:53:39",
                    "status": 1
                },
                {
                    "userLoginId": "yangdong",
                    "userPassword": "cd4ceaa3357277a7bc9648d9872aba87",
                    "gender": 1,
                    "isDeleted": 0,
                    "departmentId": 2712740,
                    "listOrder": 6,
                    "lastUpdateName": "OA",
                    "userName": "杨东",
                    "deptCode": "440300120000X2",
                    "userCode": "yangdong",
                    "lastUpdateTime": "2017-03-18 17:44:02",
                    "status": 1
                },
                {
                    "userLoginId": "lxt",
                    "userPassword": "f63f4fbc9f8c85d409f2f59f2b9e12d5",
                    "gender": 1,
                    "isDeleted": 0,
                    "departmentId": 5506057,
                    "listOrder": 7,
                    "lastUpdateName": "曹健",
                    "userName": "骆协廷",
                    "deptCode": "440300120000X3",
                    "userCode": "lxt",
                    "lastUpdateTime": "2017-09-20 22:25:08",
                    "status": 1
                },
                {
                    "userPassword": "d16fb36f0911f878998c136191af705e",
                    "gender": 1,
                    "departmentId": 2712740,
                    "userName": "蔡建荣",
                    "userCode": "caijianrong",
                    "userLoginId": "caijianrong",
                    "isDeleted": 0,
                    "listOrder": 8,
                    "lastUpdateName": "曹健",
                    "position": "其他",
                    "deptCode": "440300120000X2",
                    "lastUpdateTime": "2017-09-11 20:59:49",
                    "status": 1
                },
                {
                    "userPassword": "bf5933ddcfa365d8bb170cedf876d63a",
                    "gender": 1,
                    "departmentId": 202338,
                    "userName": "何俊清",
                    "userCode": "fent",
                    "userLoginId": "fent",
                    "isDeleted": 0,
                    "listOrder": 9,
                    "lastUpdateName": "钟志才",
                    "position": "科员",
                    "deptCode": "440300039973",
                    "lastUpdateTime": "2017-09-11 14:59:59",
                    "status": 1
                },
                {
                    "birthday": "1981-04-13 00:00:00",
                    "userPassword": "c4ca4238a0b923820dcc509a6f75849b",
                    "gender": 1,
                    "departmentId": 5506145,
                    "userName": "周峰",
                    "userCode": "zhoufeng",
                    "userLoginId": "zhoufeng",
                    "isDeleted": 0,
                    "listOrder": 10,
                    "lastUpdateName": "曹健",
                    "position": "科员",
                    "deptCode": "440300120000X6",
                    "lastUpdateTime": "2017-09-20 18:14:46",
                    "status": 1
                },
                {
                    "userLoginId": "pxx",
                    "userPassword": "e10adc3949ba59abbe56e057f20f883e",
                    "isDeleted": 0,
                    "departmentId": 202338,
                    "listOrder": 11,
                    "lastUpdateName": "终端运维组_廖",
                    "position": "科员",
                    "userName": "彭祥湘",
                    "deptCode": "440300039973",
                    "userCode": "pxx",
                    "lastUpdateTime": "2016-08-24 10:15:31",
                    "status": 1
                },
                {
                    "birthday": "2012-01-10 00:00:00",
                    "userPassword": "c4ca4238a0b923820dcc509a6f75849b",
                    "gender": 1,
                    "departmentId": 5506145,
                    "userName": "邓学军",
                    "userCode": "dengxuejun",
                    "userLoginId": "dengxuejun",
                    "isDeleted": 0,
                    "listOrder": 12,
                    "lastUpdateName": "曹健",
                    "position": "科员",
                    "deptCode": "440300120000X6",
                    "lastUpdateTime": "2017-09-20 17:41:43",
                    "status": 1
                },
                {
                    "birthday": "1985-11-29 00:00:00",
                    "userPassword": "e10adc3949ba59abbe56e057f20f883e",
                    "gender": 1,
                    "departmentId": 202337,
                    "userName": "巫志峰",
                    "userCode": "wuzhifeng",
                    "userLoginId": "wuzhifeng",
                    "isDeleted": 0,
                    "listOrder": 12,
                    "lastUpdateName": "曹健",
                    "position": "其他",
                    "deptCode": "440300050098",
                    "lastUpdateTime": "2017-09-20 22:23:53",
                    "status": 1
                },
                {
                    "userLoginId": "jxp",
                    "userPassword": "e10adc3949ba59abbe56e057f20f883e",
                    "gender": 1,
                    "isDeleted": 0,
                    "departmentId": 202338,
                    "listOrder": 12,
                    "lastUpdateName": "GACLOUD235",
                    "userName": "金新平",
                    "deptCode": "440300039973",
                    "userCode": "jxp",
                    "lastUpdateTime": "2016-08-09 15:22:37",
                    "status": 1
                },
                {
                    "birthday": "1987-04-05 00:00:00",
                    "userPassword": "0cc175b9c0f1b6a831c399e269772661",
                    "gender": 1,
                    "departmentId": 5506057,
                    "userName": "王曦",
                    "userCode": "wangxi",
                    "userLoginId": "wangxi",
                    "isDeleted": 0,
                    "listOrder": 13,
                    "lastUpdateName": "曹健",
                    "deptCode": "440300120000X3",
                    "lastUpdateTime": "2017-08-21 10:59:29",
                    "status": 1
                },
                {
                    "userLoginId": "zws",
                    "userPassword": "e10adc3949ba59abbe56e057f20f883e",
                    "gender": 1,
                    "isDeleted": 0,
                    "departmentId": 202338,
                    "listOrder": 13,
                    "lastUpdateName": "GACLOUD235",
                    "userName": "钟伟升",
                    "deptCode": "440300039973",
                    "userCode": "zws",
                    "lastUpdateTime": "2016-08-09 15:22:58",
                    "status": 1
                },
                {
                    "userLoginId": "zzc",
                    "userPassword": "6351bf9dce654515bf1ddbd6426dfa97",
                    "gender": 1,
                    "isDeleted": 0,
                    "departmentId": 2050330,
                    "listOrder": 14,
                    "lastUpdateName": "曹健",
                    "userName": "钟志才",
                    "deptCode": "440300120000X0009",
                    "userCode": "zzc",
                    "lastUpdateTime": "2017-09-20 22:34:13",
                    "status": 1
                },
                {
                    "userPassword": "0f2994d773a734d36febe839fba2761e",
                    "gender": 1,
                    "departmentId": 2050330,
                    "userName": "邬龙",
                    "userCode": "wulong",
                    "userLoginId": "wulong",
                    "isDeleted": 0,
                    "listOrder": 15,
                    "lastUpdateName": "终端运维组_刘",
                    "position": "科员",
                    "deptCode": "440300120000X0009",
                    "lastUpdateTime": "2017-08-21 10:02:13",
                    "status": 1
                },
                {
                    "userLoginId": "dmr",
                    "userPassword": "e10adc3949ba59abbe56e057f20f883e",
                    "gender": 1,
                    "isDeleted": 0,
                    "departmentId": 180810,
                    "listOrder": 15,
                    "lastUpdateName": "GACLOUD235",
                    "userName": "邓明日",
                    "deptCode": "440300120000X0001",
                    "userCode": "dmr",
                    "lastUpdateTime": "2017-09-11 14:52:32",
                    "status": 1
                },
                {
                    "userLoginId": "pgcs",
                    "userPassword": "ebebac9be2ce02a03393df17e6b4b959",
                    "gender": 1,
                    "isDeleted": 0,
                    "departmentId": 180810,
                    "listOrder": 16,
                    "lastUpdateName": "曹健",
                    "userName": "品高测试",
                    "deptCode": "440300120000X0001",
                    "userCode": "pgcs",
                    "lastUpdateTime": "2017-09-26 17:08:02",
                    "status": 1
                },
                {
                    "userLoginId": "liqiuqun",
                    "userPassword": "55387e38a84a81e682012bf578f2ba59",
                    "gender": 2,
                    "isDeleted": 0,
                    "departmentId": 180810,
                    "listOrder": 17,
                    "lastUpdateName": "曹健",
                    "userName": "黎秋群",
                    "deptCode": "440300120000X0001",
                    "userCode": "liqiuqun",
                    "lastUpdateTime": "2017-08-21 10:42:52",
                    "status": 1
                },
                {
                    "birthday": "1976-06-17 00:00:00",
                    "userPassword": "c4ca4238a0b923820dcc509a6f75849b",
                    "gender": 1,
                    "departmentId": 5506145,
                    "userName": "刘泽文",
                    "userCode": "liuzewen",
                    "userLoginId": "liuzewen",
                    "isDeleted": 0,
                    "listOrder": 26,
                    "lastUpdateName": "曹健",
                    "position": "科员",
                    "deptCode": "440300120000X6",
                    "lastUpdateTime": "2017-09-20 18:14:31",
                    "status": 1
                },
                {
                    "userPassword": "e10adc3949ba59abbe56e057f20f883e",
                    "gender": 1,
                    "departmentId": 5506057,
                    "userName": "李江琳",
                    "userCode": "ljl",
                    "userLoginId": "ljl",
                    "isDeleted": 0,
                    "listOrder": 31,
                    "lastUpdateName": "曹健",
                    "position": "其他",
                    "deptCode": "440300120000X3",
                    "lastUpdateTime": "2017-08-28 10:53:37",
                    "status": 1
                },
                {
                    "userPassword": "71e7bfe562580c24e42478e03f2c1171",
                    "gender": 1,
                    "departmentId": 5506057,
                    "userName": "彭方启",
                    "userCode": "pfq",
                    "userLoginId": "pfq",
                    "isDeleted": 0,
                    "listOrder": 32,
                    "lastUpdateName": "OA",
                    "position": "其他",
                    "deptCode": "440300120000X3",
                    "lastUpdateTime": "2017-10-25 16:32:48",
                    "status": 1
                },
                {
                    "userPassword": "91c0746cf9897c27e0f8778a6c8de229",
                    "gender": 1,
                    "departmentId": 5506057,
                    "userName": "陈意健",
                    "userCode": "cyj",
                    "userLoginId": "cyj",
                    "isDeleted": 0,
                    "listOrder": 33,
                    "lastUpdateName": "曹健",
                    "position": "其他",
                    "deptCode": "440300120000X3",
                    "lastUpdateTime": "2017-09-11 20:22:31",
                    "status": 1
                },
                {
                    "birthday": "1990-10-10 00:00:00",
                    "userPassword": "c9367fbfe3ccbf685747e123c64e9e40",
                    "gender": 1,
                    "departmentId": 2712740,
                    "userName": "殷泰源",
                    "userCode": "yintaiyuan",
                    "userLoginId": "yintaiyuan",
                    "isDeleted": 0,
                    "listOrder": 74,
                    "lastUpdateName": "殷泰源",
                    "deptCode": "440300120000X2",
                    "lastUpdateTime": "2017-11-08 17:23:54",
                    "status": 1
                },
                {
                    "birthday": "1987-09-23 00:00:00",
                    "userPassword": "2f498ce2924e5d4e1ff4aefba94a6ffb",
                    "gender": 1,
                    "departmentId": 5506113,
                    "userName": "王灿",
                    "userCode": "wangcan",
                    "userLoginId": "wangcan",
                    "isDeleted": 0,
                    "listOrder": 99,
                    "lastUpdateName": "GACLOUD235",
                    "deptCode": "440300120000X4",
                    "lastUpdateTime": "2017-10-16 20:49:16",
                    "status": 1
                },
                {
                    "userLoginId": "zhanghaiming",
                    "userPassword": "ffe1070398e59ad41ee6079eeaf310e5",
                    "gender": 1,
                    "isDeleted": 0,
                    "departmentId": 5506145,
                    "listOrder": 99,
                    "lastUpdateName": "钟志才",
                    "userName": "张海明",
                    "deptCode": "440300120000X6",
                    "userCode": "zhanghaiming",
                    "lastUpdateTime": "2017-09-11 15:01:12",
                    "status": 1
                },
                {
                    "userLoginId": "chencan",
                    "userPassword": "e10adc3949ba59abbe56e057f20f883e",
                    "gender": 1,
                    "isDeleted": 0,
                    "departmentId": 5506113,
                    "listOrder": 99,
                    "lastUpdateName": "曹健",
                    "userName": "陈灿",
                    "deptCode": "440300120000X4",
                    "userCode": "chencan",
                    "lastUpdateTime": "2017-09-20 22:26:59",
                    "status": 1
                },
                {
                    "userLoginId": "luozhigang",
                    "userPassword": "e10adc3949ba59abbe56e057f20f883e",
                    "gender": 1,
                    "isDeleted": 0,
                    "departmentId": 5506113,
                    "listOrder": 99,
                    "lastUpdateName": "曹健",
                    "userName": "罗志刚",
                    "deptCode": "440300120000X4",
                    "userCode": "luozhigang",
                    "lastUpdateTime": "2017-09-20 22:26:51",
                    "status": 1
                },
                {
                    "userLoginId": "quanxusheng",
                    "userPassword": "e10adc3949ba59abbe56e057f20f883e",
                    "gender": 1,
                    "isDeleted": 0,
                    "departmentId": 5506057,
                    "listOrder": 99,
                    "lastUpdateName": "曹健",
                    "userName": "全旭升",
                    "deptCode": "440300120000X3",
                    "userCode": "quanxusheng",
                    "lastUpdateTime": "2017-09-20 16:16:49",
                    "status": 1
                },
                {
                    "userLoginId": "xiaqionqi",
                    "userPassword": "e10adc3949ba59abbe56e057f20f883e",
                    "gender": 1,
                    "isDeleted": 0,
                    "departmentId": 5506057,
                    "listOrder": 99,
                    "lastUpdateName": "曹健",
                    "userName": "夏琼奇",
                    "deptCode": "440300120000X3",
                    "userCode": "xiaqionqi",
                    "lastUpdateTime": "2017-09-20 22:25:30",
                    "status": 1
                },
                {
                    "userLoginId": "liuqianmei",
                    "userPassword": "f6d3552cd9f128556ccfe4883fdb731e",
                    "gender": 1,
                    "isDeleted": 0,
                    "departmentId": 5506113,
                    "listOrder": 99,
                    "lastUpdateName": "曹健",
                    "userName": "刘倩梅",
                    "deptCode": "440300120000X4",
                    "userCode": "liuqianmei",
                    "lastUpdateTime": "2017-10-09 09:41:52",
                    "status": 1
                },
                {
                    "userLoginId": "pengjie",
                    "userPassword": "348fe7df9aa84e79fdd13764d2a89b08",
                    "gender": 1,
                    "isDeleted": 0,
                    "departmentId": 5506113,
                    "listOrder": 99,
                    "lastUpdateName": "焦伟",
                    "userName": "彭杰",
                    "deptCode": "440300120000X4",
                    "userCode": "pengjie",
                    "lastUpdateTime": "2017-11-03 09:30:28",
                    "status": 1
                },
                {
                    "userLoginId": "zdywz7",
                    "userPassword": "9a0a6a89f6696045421c41f603ca386b",
                    "gender": 1,
                    "isDeleted": 0,
                    "departmentId": 2050330,
                    "listOrder": 99,
                    "lastUpdateName": "终端运维组_廖",
                    "userName": "终端运维组_刘",
                    "deptCode": "440300120000X0009",
                    "userCode": "zdywz7",
                    "lastUpdateTime": "2017-07-05 16:47:20",
                    "status": 1
                },
                {
                    "userLoginId": "120484",
                    "userPassword": "e10adc3949ba59abbe56e057f20f883e",
                    "gender": 1,
                    "isDeleted": 0,
                    "departmentId": 180810,
                    "listOrder": 99,
                    "lastUpdateName": "曹健",
                    "userName": "丁矗",
                    "deptCode": "440300120000X0001",
                    "userCode": "120484",
                    "lastUpdateTime": "2017-09-19 11:45:27",
                    "status": 1
                },
                {
                    "userLoginId": "zdp",
                    "userPassword": "9033e0e305f247c0c3c80d0c7848c8b3",
                    "gender": 1,
                    "isDeleted": 0,
                    "departmentId": 9938903,
                    "listOrder": 99,
                    "lastUpdateName": "OA",
                    "userName": "张达朋",
                    "deptCode": "999",
                    "userCode": "zdp",
                    "lastUpdateTime": "2017-09-30 14:36:08",
                    "status": 1
                },
                {
                    "userLoginId": "ldt",
                    "userPassword": "5f93f983524def3dca464469d2cf9f3e",
                    "gender": 1,
                    "isDeleted": 0,
                    "departmentId": 9938903,
                    "listOrder": 99,
                    "lastUpdateName": "OA",
                    "userName": "刘东涛",
                    "deptCode": "999",
                    "userCode": "ldt",
                    "lastUpdateTime": "2017-10-16 11:51:42",
                    "status": 1
                },
                {
                    "userLoginId": "zdywz8",
                    "userPassword": "e10adc3949ba59abbe56e057f20f883e",
                    "gender": 1,
                    "isDeleted": 0,
                    "departmentId": 2050330,
                    "listOrder": 99,
                    "lastUpdateName": "终端运维组_刘",
                    "userName": "终端运维组_刘滨",
                    "deptCode": "440300120000X0009",
                    "userCode": "zdywz8",
                    "lastUpdateTime": "2017-10-10 11:41:12",
                    "status": 1
                },
                {
                    "userLoginId": "zdywz9",
                    "userPassword": "e10adc3949ba59abbe56e057f20f883e",
                    "gender": 2,
                    "isDeleted": 0,
                    "departmentId": 2050330,
                    "listOrder": 99,
                    "lastUpdateName": "终端运维组_刘",
                    "userName": "终端运维组_李秋婷",
                    "deptCode": "440300120000X0009",
                    "userCode": "zdywz9",
                    "lastUpdateTime": "2017-10-10 11:44:06",
                    "status": 1
                },
                {
                    "userLoginId": "linkapi",
                    "userPassword": "e10adc3949ba59abbe56e057f20f883e",
                    "gender": 1,
                    "isDeleted": 0,
                    "departmentId": 180810,
                    "listOrder": 99,
                    "lastUpdateName": "曹健",
                    "userName": "品高api测试",
                    "deptCode": "440300120000X0001",
                    "userCode": "linkapi",
                    "lastUpdateTime": "2017-10-16 16:00:33",
                    "status": 1
                },
                {
                    "userPassword": "c81e728d9d4c2f636f067f89cc14862c",
                    "gender": 1,
                    "departmentId": 202337,
                    "userName": "邬柏青",
                    "userCode": "wuboqing",
                    "userLoginId": "wuboqing",
                    "isDeleted": 0,
                    "listOrder": 100,
                    "lastUpdateName": "殷泰源",
                    "position": "其他",
                    "deptCode": "440300050098",
                    "lastUpdateTime": "2017-11-13 17:26:57",
                    "status": 1
                },
                {
                    "birthday": "1984-03-14 00:00:00",
                    "userPassword": "ad736d873f34523f2c494c126edd73bd",
                    "gender": 1,
                    "departmentId": 202337,
                    "userName": "杨帆",
                    "userCode": "yangfan",
                    "userLoginId": "yangfan",
                    "isDeleted": 0,
                    "listOrder": 100,
                    "lastUpdateName": "钟志才",
                    "deptCode": "440300050098",
                    "lastUpdateTime": "2017-09-11 15:02:17",
                    "status": 1
                },
                {
                    "userLoginId": "yuwh",
                    "userPassword": "7036317bfa74b871c8687f0d6bf412f8",
                    "isDeleted": 0,
                    "departmentId": 202337,
                    "listOrder": 100,
                    "lastUpdateName": "钟志才",
                    "position": "其他",
                    "userName": "余伟华",
                    "deptCode": "440300050098",
                    "userCode": "yuwh",
                    "lastUpdateTime": "2017-09-11 14:58:12",
                    "status": 1
                },
                {
                    "birthday": "1975-11-17 00:00:00",
                    "userPassword": "d13603d67317d46748f161a2a1b16b70",
                    "gender": 1,
                    "departmentId": 202337,
                    "userName": "张烈萍",
                    "userCode": "zhanglieping",
                    "userLoginId": "zhanglieping",
                    "isDeleted": 0,
                    "listOrder": 103,
                    "lastUpdateName": "钟志才",
                    "deptCode": "440300050098",
                    "lastUpdateTime": "2017-09-11 15:04:21",
                    "status": 1
                },
                {
                    "birthday": "1991-03-27 00:00:00",
                    "userPassword": "e10adc3949ba59abbe56e057f20f883e",
                    "gender": 1,
                    "departmentId": 202337,
                    "userName": "高阳",
                    "userCode": "gaoyang",
                    "userLoginId": "gaoyang",
                    "isDeleted": 0,
                    "listOrder": 120,
                    "lastUpdateName": "曹健",
                    "position": "其他",
                    "deptCode": "440300050098",
                    "lastUpdateTime": "2017-09-20 17:53:04",
                    "status": 1
                },
                {
                    "userLoginId": "bscs2",
                    "userPassword": "e10adc3949ba59abbe56e057f20f883e",
                    "gender": 1,
                    "isDeleted": 0,
                    "departmentId": 180810,
                    "listOrder": 990,
                    "lastUpdateName": "JW_TEST_IDENTIFY",
                    "userName": "部省测试2",
                    "deptCode": "440300120000X0001",
                    "userCode": "bscs2",
                    "lastUpdateTime": "2016-11-16 10:00:37",
                    "status": 1
                },
                {
                    "userPassword": "149c402aab12445487154493ff321e59",
                    "gender": 1,
                    "departmentId": 180810,
                    "userName": "曹健",
                    "userCode": "caojian",
                    "userLoginId": "caojian",
                    "isDeleted": 0,
                    "listOrder": 999,
                    "lastUpdateName": "曹健",
                    "position": "其他",
                    "deptCode": "440300120000X0001",
                    "lastUpdateTime": "2017-11-04 09:24:48",
                    "status": 1
                },
                {
                    "birthday": "2012-01-10 00:00:00",
                    "userPassword": "327bc4e22b649d47c4546a3ec93f376b",
                    "gender": 1,
                    "departmentId": 5506145,
                    "userName": "王学军",
                    "userCode": "wangxuejun",
                    "userLoginId": "wangxuejun",
                    "isDeleted": 0,
                    "listOrder": 999,
                    "lastUpdateName": "曹健",
                    "position": "其他",
                    "deptCode": "440300120000X6",
                    "lastUpdateTime": "2017-09-26 17:48:14",
                    "status": 1
                },
                {
                    "userLoginId": "jianglongcheng",
                    "userPassword": "70d932dd540a36c322cd519616dcb6ea",
                    "gender": 1,
                    "isDeleted": 0,
                    "departmentId": 202338,
                    "listOrder": 999,
                    "lastUpdateName": "钟志才",
                    "userName": "江龙城",
                    "deptCode": "440300039973",
                    "userCode": "jianglongcheng",
                    "lastUpdateTime": "2017-09-11 15:12:01",
                    "status": 1
                },
                {
                    "userLoginId": "zhanghongfu",
                    "userPassword": "99e36bdf9c656e89f03687825285fed1",
                    "gender": 1,
                    "isDeleted": 0,
                    "departmentId": 202337,
                    "listOrder": 999,
                    "lastUpdateName": "终端运维组_方",
                    "userName": "张洪福",
                    "deptCode": "440300050098",
                    "userCode": "zhanghongfu",
                    "lastUpdateTime": "2017-10-13 14:22:56",
                    "status": 1
                },
                {
                    "userPassword": "c4ca4238a0b923820dcc509a6f75849b",
                    "gender": 1,
                    "departmentId": 5506113,
                    "userName": "焦伟",
                    "userCode": "jiaowei",
                    "userLoginId": "jiaowei",
                    "isDeleted": 0,
                    "listOrder": 999,
                    "lastUpdateName": "曹健",
                    "position": "其他",
                    "deptCode": "440300120000X4",
                    "lastUpdateTime": "2017-09-21 14:19:20",
                    "status": 1
                },
                {
                    "birthday": "1991-02-05 00:00:00",
                    "userPassword": "bb2aeddcf7092f3073a99a4eb79b1606",
                    "gender": 1,
                    "departmentId": 5506057,
                    "userName": "朱立",
                    "userCode": "zhuli",
                    "userLoginId": "zhuli",
                    "isDeleted": 0,
                    "listOrder": 999,
                    "lastUpdateName": "曹健",
                    "deptCode": "440300120000X3",
                    "lastUpdateTime": "2017-09-20 22:26:13",
                    "status": 1
                },
                {
                    "userPassword": "c4ca4238a0b923820dcc509a6f75849b",
                    "gender": 1,
                    "departmentId": 202287,
                    "userName": "陈兴康",
                    "userCode": "chenxk",
                    "userLoginId": "chenxk",
                    "isDeleted": 0,
                    "listOrder": 999,
                    "lastUpdateName": "殷泰源",
                    "position": "其他",
                    "deptCode": "440300039972",
                    "lastUpdateTime": "2017-11-13 17:24:04",
                    "status": 1
                },
                {
                    "userLoginId": "lxl",
                    "userPassword": "e10adc3949ba59abbe56e057f20f883e",
                    "gender": 1,
                    "isDeleted": 0,
                    "departmentId": 202337,
                    "listOrder": 999,
                    "lastUpdateName": "终端运维组_方",
                    "userName": "李谢龙",
                    "deptCode": "440300050098",
                    "userCode": "lxl",
                    "lastUpdateTime": "2017-11-07 17:41:48",
                    "status": 1
                },
                {
                    "userPassword": "d6a9a933c8aafc51e55ac0662b6e4d4a",
                    "gender": 0,
                    "departmentId": 202287,
                    "userName": "罗峰",
                    "userCode": "xhlf",
                    "userLoginId": "xhlf",
                    "isDeleted": 0,
                    "listOrder": 999,
                    "lastUpdateName": "OA",
                    "position": "其他",
                    "deptCode": "440300039972",
                    "lastUpdateTime": "2017-08-08 15:16:48",
                    "status": 1
                },
                {
                    "userLoginId": "bscs3",
                    "userPassword": "e10adc3949ba59abbe56e057f20f883e",
                    "gender": 1,
                    "isDeleted": 0,
                    "departmentId": 180810,
                    "listOrder": 999,
                    "lastUpdateName": "GACLOUD235",
                    "userName": "部省测试3",
                    "deptCode": "440300120000X0001",
                    "userCode": "bscs3",
                    "lastUpdateTime": "2016-08-12 10:31:21",
                    "status": 1
                },
                {
                    "userLoginId": "bscs4",
                    "userPassword": "e10adc3949ba59abbe56e057f20f883e",
                    "gender": 1,
                    "isDeleted": 0,
                    "departmentId": 180810,
                    "listOrder": 999,
                    "lastUpdateName": "GACLOUD235",
                    "userName": "部省测试4",
                    "deptCode": "440300120000X0001",
                    "userCode": "bscs4",
                    "lastUpdateTime": "2016-08-12 10:31:21",
                    "status": 1
                },
                {
                    "userLoginId": "zdywz1",
                    "userPassword": "16fe712b45f42235da9a34dca9fe5c44",
                    "gender": 1,
                    "isDeleted": 0,
                    "departmentId": 2050330,
                    "listOrder": 999,
                    "lastUpdateName": "OA",
                    "userName": "终端运维组_廖",
                    "deptCode": "440300120000X0009",
                    "userCode": "zdywz1",
                    "lastUpdateTime": "2017-07-11 18:05:08",
                    "status": 1
                },
                {
                    "userLoginId": "zdywz2",
                    "userPassword": "21218cca77804d2ba1922c33e0151105",
                    "gender": 1,
                    "isDeleted": 0,
                    "departmentId": 2050330,
                    "listOrder": 999,
                    "lastUpdateName": "钟志才",
                    "userName": "终端运维组_钟",
                    "deptCode": "440300120000X0009",
                    "userCode": "zdywz2",
                    "lastUpdateTime": "2017-10-10 17:04:23",
                    "status": 1
                },
                {
                    "userLoginId": "zdywz3",
                    "userPassword": "e10adc3949ba59abbe56e057f20f883e",
                    "gender": 1,
                    "isDeleted": 0,
                    "departmentId": 2050330,
                    "listOrder": 999,
                    "lastUpdateName": "曹健",
                    "userName": "终端运维组_成",
                    "deptCode": "440300120000X0009",
                    "userCode": "zdywz3",
                    "lastUpdateTime": "2017-10-09 12:47:59",
                    "status": 1
                },
                {
                    "userLoginId": "zdywz5",
                    "userPassword": "1cde89ce651fe053e19ce0c53187c023",
                    "gender": 1,
                    "isDeleted": 0,
                    "departmentId": 2050330,
                    "listOrder": 999,
                    "lastUpdateName": "曹健",
                    "userName": "终端运维组_黄",
                    "deptCode": "440300120000X0009",
                    "userCode": "zdywz5",
                    "lastUpdateTime": "2017-10-09 12:48:14",
                    "status": 1
                },
                {
                    "userPassword": "e10adc3949ba59abbe56e057f20f883e",
                    "gender": 1,
                    "departmentId": 5506145,
                    "userName": "张小强",
                    "userCode": "zhangxiaoqiang",
                    "userLoginId": "zhangxiaoqiang",
                    "isDeleted": 0,
                    "listOrder": 999,
                    "lastUpdateName": "曹健",
                    "position": "其他",
                    "deptCode": "440300120000X6",
                    "lastUpdateTime": "2017-09-06 11:02:16",
                    "status": 1
                },
                {
                    "userLoginId": "hb",
                    "userPassword": "e10adc3949ba59abbe56e057f20f883e",
                    "gender": 1,
                    "isDeleted": 0,
                    "departmentId": 2050330,
                    "listOrder": 999,
                    "lastUpdateName": "GACLOUD235",
                    "userName": "黄斌",
                    "deptCode": "440300120000X0009",
                    "userCode": "hb",
                    "lastUpdateTime": "2016-12-08 15:06:09",
                    "status": 1
                },
                {
                    "userLoginId": "lhq",
                    "userPassword": "8d6bbb59bd6f68889b792e3d827898fe",
                    "gender": 1,
                    "isDeleted": 0,
                    "departmentId": 5506145,
                    "listOrder": 999,
                    "lastUpdateName": "邬柏青",
                    "userName": "李海青",
                    "deptCode": "440300120000X6",
                    "userCode": "lhq",
                    "lastUpdateTime": "2017-10-27 15:33:23",
                    "status": 1
                },
                {
                    "userLoginId": "hy",
                    "userPassword": "e10adc3949ba59abbe56e057f20f883e",
                    "gender": 1,
                    "isDeleted": 0,
                    "departmentId": 202287,
                    "listOrder": 999,
                    "lastUpdateName": "钟志才",
                    "userName": "黄咏",
                    "deptCode": "440300039972",
                    "userCode": "hy",
                    "lastUpdateTime": "2017-09-11 15:07:24",
                    "status": 1
                },
                {
                    "userLoginId": "szcl",
                    "userPassword": "cfba3100ab30e57dcf6d45df3127f8cb",
                    "gender": 1,
                    "isDeleted": 0,
                    "departmentId": 5506145,
                    "listOrder": 999,
                    "lastUpdateName": "终端运维组_刘",
                    "userName": "程力",
                    "deptCode": "440300120000X6",
                    "userCode": "szcl",
                    "lastUpdateTime": "2017-10-16 18:40:21",
                    "status": 1
                },
                {
                    "userLoginId": "zdywz6",
                    "userPassword": "3dfd1ada2a83c96967c4d4000b257dae",
                    "gender": 1,
                    "isDeleted": 0,
                    "departmentId": 2050330,
                    "listOrder": 999,
                    "lastUpdateName": "曹健",
                    "userName": "终端运维组_叶",
                    "deptCode": "440300120000X0009",
                    "userCode": "zdywz6",
                    "lastUpdateTime": "2017-10-23 10:01:51",
                    "status": 1
                },
                {
                    "userLoginId": "xhb",
                    "userPassword": "e10adc3949ba59abbe56e057f20f883e",
                    "gender": 1,
                    "isDeleted": 0,
                    "departmentId": 180810,
                    "listOrder": 999,
                    "lastUpdateName": "曹健",
                    "userName": "肖和兵",
                    "deptCode": "440300120000X0001",
                    "userCode": "xhb",
                    "lastUpdateTime": "2017-08-21 10:57:02",
                    "status": 1
                },
                {
                    "userLoginId": "ccb",
                    "userPassword": "e10adc3949ba59abbe56e057f20f883e",
                    "gender": 1,
                    "isDeleted": 0,
                    "departmentId": 2712740,
                    "listOrder": 999,
                    "lastUpdateName": "GACLOUD235",
                    "userName": "陈才波",
                    "deptCode": "440300120000X2",
                    "userCode": "ccb",
                    "lastUpdateTime": "2017-05-22 14:51:25",
                    "status": 1
                },
                {
                    "userLoginId": "zhangxl",
                    "userPassword": "e10adc3949ba59abbe56e057f20f883e",
                    "gender": 1,
                    "isDeleted": 0,
                    "departmentId": 5506506,
                    "listOrder": 999,
                    "lastUpdateName": "曹健",
                    "userName": "张学连",
                    "deptCode": "440300120000X8",
                    "userCode": "zhangxl",
                    "lastUpdateTime": "2017-09-07 10:48:36",
                    "status": 1
                },
                {
                    "userLoginId": "lql",
                    "userPassword": "e10adc3949ba59abbe56e057f20f883e",
                    "gender": 1,
                    "isDeleted": 0,
                    "departmentId": 7879045,
                    "listOrder": 999,
                    "lastUpdateName": "钟志才",
                    "userName": "雷庆玲",
                    "deptCode": "440300120000xx",
                    "userCode": "lql",
                    "lastUpdateTime": "2017-09-11 15:06:35",
                    "status": 1
                },
                {
                    "userLoginId": "gxbfwjzd",
                    "userPassword": "c52e509d9ae6e19be86effb0a235ccd7",
                    "gender": 1,
                    "isDeleted": 0,
                    "departmentId": 180810,
                    "listOrder": 999,
                    "lastUpdateName": "殷泰源",
                    "userName": "广西边防武警总队",
                    "deptCode": "440300120000X0001",
                    "userCode": "gxbfwjzd",
                    "lastUpdateTime": "2017-09-05 17:06:12",
                    "status": 1
                },
                {
                    "userLoginId": "hsy",
                    "userPassword": "e10adc3949ba59abbe56e057f20f883e",
                    "gender": 1,
                    "isDeleted": 0,
                    "departmentId": 180810,
                    "listOrder": 999,
                    "lastUpdateName": "GACLOUD235",
                    "userName": "胡善勇",
                    "deptCode": "440300120000X0001",
                    "userCode": "hsy",
                    "lastUpdateTime": "2017-05-10 14:35:41",
                    "status": 1
                },
                {
                    "userLoginId": "wuriwen",
                    "userPassword": "e10adc3949ba59abbe56e057f20f883e",
                    "gender": 1,
                    "isDeleted": 0,
                    "departmentId": 5506057,
                    "listOrder": 999,
                    "lastUpdateName": "曹健",
                    "userName": "吴日文",
                    "deptCode": "440300120000X3",
                    "userCode": "wuriwen",
                    "lastUpdateTime": "2017-08-21 10:56:30",
                    "status": 1
                },
                {
                    "userLoginId": "liguanling",
                    "userPassword": "e10adc3949ba59abbe56e057f20f883e",
                    "gender": 1,
                    "isDeleted": 0,
                    "departmentId": 180810,
                    "listOrder": 999,
                    "lastUpdateName": "曹健",
                    "userName": "品高黎观玲",
                    "deptCode": "440300120000X0001",
                    "userCode": "liguanling",
                    "lastUpdateTime": "2017-09-20 16:14:50",
                    "status": 1
                },
                {
                    "userLoginId": "heyanghui",
                    "userPassword": "e10adc3949ba59abbe56e057f20f883e",
                    "gender": 1,
                    "isDeleted": 0,
                    "departmentId": 180810,
                    "listOrder": 999,
                    "lastUpdateName": "曹健",
                    "userName": "品高何阳辉",
                    "deptCode": "440300120000X0001",
                    "userCode": "heyanghui",
                    "lastUpdateTime": "2017-09-20 16:14:34",
                    "status": 1
                },
                {
                    "userLoginId": "yscs1",
                    "userPassword": "b9a6576a70cde445c0789030cec195dd",
                    "gender": 1,
                    "isDeleted": 0,
                    "departmentId": 180810,
                    "listOrder": 999,
                    "lastUpdateName": "曹健",
                    "userName": "演示1",
                    "deptCode": "440300120000X0001",
                    "userCode": "yscs1",
                    "lastUpdateTime": "2017-08-10 08:36:26",
                    "status": 1
                },
                {
                    "userLoginId": "yscs2",
                    "userPassword": "b9a6576a70cde445c0789030cec195dd",
                    "gender": 1,
                    "isDeleted": 0,
                    "departmentId": 180810,
                    "listOrder": 999,
                    "lastUpdateName": "曹健",
                    "userName": "演示2",
                    "deptCode": "440300120000X0001",
                    "userCode": "yscs2",
                    "lastUpdateTime": "2017-08-10 08:37:29",
                    "status": 1
                },
                {
                    "userLoginId": "yjk",
                    "userPassword": "96e79218965eb72c92a549dd5a330112",
                    "gender": 1,
                    "isDeleted": 0,
                    "departmentId": 2712740,
                    "listOrder": 999,
                    "lastUpdateName": "殷泰源",
                    "userName": "杨静凯",
                    "deptCode": "440300120000X2",
                    "userCode": "yjk",
                    "lastUpdateTime": "2017-08-18 10:47:11",
                    "status": 1
                },
                {
                    "userLoginId": "dzq",
                    "userPassword": "f6d3552cd9f128556ccfe4883fdb731e",
                    "gender": 1,
                    "isDeleted": 0,
                    "departmentId": 5506057,
                    "listOrder": 999,
                    "lastUpdateName": "曹健",
                    "userName": "邓赞强",
                    "deptCode": "440300120000X3",
                    "userCode": "dzq",
                    "lastUpdateTime": "2017-09-04 11:14:01",
                    "status": 1
                },
                {
                    "userLoginId": "ltt",
                    "userPassword": "f6d3552cd9f128556ccfe4883fdb731e",
                    "gender": 1,
                    "isDeleted": 0,
                    "departmentId": 5506113,
                    "listOrder": 999,
                    "lastUpdateName": "曹健",
                    "userName": "雷婷婷",
                    "deptCode": "440300120000X4",
                    "userCode": "ltt",
                    "lastUpdateTime": "2017-10-13 16:47:58",
                    "status": 1
                },
                {
                    "userLoginId": "xhzhzxbz",
                    "userPassword": "f6d3552cd9f128556ccfe4883fdb731e",
                    "gender": 1,
                    "isDeleted": 0,
                    "departmentId": 2712740,
                    "listOrder": 999,
                    "lastUpdateName": "终端运维组_廖",
                    "userName": "星火指挥中心保障_刘刚",
                    "deptCode": "440300120000X2",
                    "userCode": "xhzhzxbz",
                    "lastUpdateTime": "2017-09-05 10:09:34",
                    "status": 1
                },
                {
                    "userLoginId": "wangxian",
                    "userPassword": "f6d3552cd9f128556ccfe4883fdb731e",
                    "gender": 1,
                    "isDeleted": 0,
                    "departmentId": 5506145,
                    "listOrder": 999,
                    "lastUpdateName": "曹健",
                    "userName": "王显",
                    "deptCode": "440300120000X6",
                    "userCode": "wangxian",
                    "lastUpdateTime": "2017-09-06 11:14:20",
                    "status": 1
                },
                {
                    "userPassword": "6c5ce58b0223ed4f8101a3b07773a24e",
                    "gender": 1,
                    "departmentId": 202287,
                    "userName": "陈剑波",
                    "userCode": "chenjianbo",
                    "userLoginId": "chenjianbo",
                    "isDeleted": 0,
                    "listOrder": 999,
                    "lastUpdateName": "OA",
                    "position": "科员",
                    "deptCode": "440300039972",
                    "lastUpdateTime": "2017-10-24 19:48:54",
                    "status": 1
                },
                {
                    "userLoginId": "zwy",
                    "userPassword": "f6d3552cd9f128556ccfe4883fdb731e",
                    "gender": 1,
                    "isDeleted": 0,
                    "departmentId": 180810,
                    "listOrder": 999,
                    "lastUpdateName": "曹健",
                    "userName": "赵蔚滢",
                    "deptCode": "440300120000X0001",
                    "userCode": "zwy",
                    "lastUpdateTime": "2017-09-18 15:12:43",
                    "status": 1
                },
                {
                    "userLoginId": "wcm",
                    "userPassword": "405c5197600a4d075007d36d58ce44b2",
                    "isDeleted": 0,
                    "departmentId": 2712740,
                    "listOrder": 999,
                    "lastUpdateName": "殷泰源",
                    "position": "科员",
                    "userName": "温春明",
                    "deptCode": "440300120000X2",
                    "userCode": "wcm",
                    "lastUpdateTime": "2017-11-13 17:23:48",
                    "status": 1
                },
                {
                    "birthday": "1993-09-28 00:00:00",
                    "userPassword": "e10adc3949ba59abbe56e057f20f883e",
                    "gender": 1,
                    "departmentId": 202338,
                    "userName": "张门福",
                    "userCode": "zhangmenfu",
                    "userLoginId": "zhangmenfu",
                    "isDeleted": 0,
                    "listOrder": 9999,
                    "lastUpdateName": "曹健",
                    "deptCode": "440300039973",
                    "lastUpdateTime": "2017-09-20 22:24:19",
                    "status": 1
                },
                {
                    "birthday": "2012-01-10 00:00:00",
                    "userPassword": "e10adc3949ba59abbe56e057f20f883e",
                    "gender": 1,
                    "departmentId": 7879045,
                    "userName": "耿爱民",
                    "userCode": "gengaimin",
                    "userLoginId": "gengaimin",
                    "isDeleted": 0,
                    "listOrder": 9999,
                    "lastUpdateName": "终端运维组_刘",
                    "deptCode": "440300120000xx",
                    "lastUpdateTime": "2017-10-13 16:56:56",
                    "status": 1
                },
                {
                    "birthday": "2012-01-10 00:00:00",
                    "userPassword": "e10adc3949ba59abbe56e057f20f883e",
                    "gender": 1,
                    "departmentId": 7879045,
                    "userName": "陈志林",
                    "userCode": "chenzhilin",
                    "userLoginId": "chenzhilin",
                    "isDeleted": 0,
                    "listOrder": 9999,
                    "lastUpdateName": "终端运维组_刘",
                    "deptCode": "440300120000xx",
                    "lastUpdateTime": "2017-10-13 16:56:27",
                    "status": 1
                },
                {
                    "birthday": "2012-01-10 00:00:00",
                    "userPassword": "e10adc3949ba59abbe56e057f20f883e",
                    "gender": 1,
                    "departmentId": 202287,
                    "userName": "朱奎龙",
                    "userCode": "zhukuilong",
                    "userLoginId": "zhukuilong",
                    "isDeleted": 0,
                    "listOrder": 9999,
                    "lastUpdateName": "钟志才",
                    "deptCode": "440300039972",
                    "lastUpdateTime": "2017-09-11 15:15:36",
                    "status": 1
                },
                {
                    "birthday": "2012-01-10 00:00:00",
                    "userPassword": "e10adc3949ba59abbe56e057f20f883e",
                    "gender": 1,
                    "departmentId": 5506145,
                    "userName": "江建寿",
                    "userCode": "jiangjianshou",
                    "userLoginId": "jiangjianshou",
                    "isDeleted": 0,
                    "listOrder": 9999,
                    "lastUpdateName": "钟志才",
                    "deptCode": "440300120000X6",
                    "lastUpdateTime": "2017-09-11 15:14:24",
                    "status": 1
                },
                {
                    "birthday": "1974-09-14 00:00:00",
                    "userPassword": "e10adc3949ba59abbe56e057f20f883e",
                    "gender": 1,
                    "departmentId": 202287,
                    "userName": "王义标",
                    "userCode": "wangyibiao",
                    "userLoginId": "wangyibiao",
                    "isDeleted": 0,
                    "listOrder": 9999,
                    "lastUpdateName": "钟志才",
                    "position": "其他",
                    "deptCode": "440300039972",
                    "lastUpdateTime": "2017-09-11 15:16:07",
                    "status": 1
                },
                {
                    "userPassword": "e10adc3949ba59abbe56e057f20f883e",
                    "gender": 1,
                    "departmentId": 202337,
                    "userName": "张良",
                    "userCode": "zhangliang",
                    "userLoginId": "zhangliang",
                    "isDeleted": 0,
                    "listOrder": 9999,
                    "lastUpdateName": "曹健",
                    "position": "其他",
                    "deptCode": "440300050098",
                    "lastUpdateTime": "2017-09-12 19:40:00",
                    "status": 1
                },
                {
                    "birthday": "2012-01-10 00:00:00",
                    "userPassword": "e10adc3949ba59abbe56e057f20f883e",
                    "gender": 1,
                    "departmentId": 7879045,
                    "userName": "刘平",
                    "userCode": "liuping",
                    "userLoginId": "liuping",
                    "isDeleted": 0,
                    "listOrder": 9999,
                    "lastUpdateName": "终端运维组_刘",
                    "deptCode": "440300120000xx",
                    "lastUpdateTime": "2017-10-13 17:12:09",
                    "status": 1
                },
                {
                    "birthday": "1989-12-13 00:00:00",
                    "userPassword": "e10adc3949ba59abbe56e057f20f883e",
                    "gender": 1,
                    "departmentId": 5506506,
                    "userName": "肖火荣",
                    "userCode": "xiaohuorong",
                    "userLoginId": "xiaohuorong",
                    "isDeleted": 0,
                    "listOrder": 9999,
                    "lastUpdateName": "曹健",
                    "deptCode": "440300120000X8",
                    "lastUpdateTime": "2017-09-20 22:27:24",
                    "status": 1
                },
                {
                    "birthday": "2012-01-10 00:00:00",
                    "userPassword": "e10adc3949ba59abbe56e057f20f883e",
                    "gender": 1,
                    "departmentId": 202287,
                    "userName": "邓仁意",
                    "userCode": "szdry",
                    "userLoginId": "szdry",
                    "isDeleted": 0,
                    "listOrder": 9999,
                    "lastUpdateName": "殷泰源",
                    "position": "其他",
                    "deptCode": "440300039972",
                    "lastUpdateTime": "2017-11-13 17:24:26",
                    "status": 1
                },
                {
                    "birthday": "1995-06-20 00:00:00",
                    "userPassword": "e10adc3949ba59abbe56e057f20f883e",
                    "gender": 1,
                    "departmentId": 202287,
                    "userName": "詹建鸿",
                    "userCode": "zhanjianhong",
                    "userLoginId": "zhanjianhong",
                    "isDeleted": 0,
                    "listOrder": 9999,
                    "lastUpdateName": "终端运维组_方",
                    "deptCode": "440300039972",
                    "lastUpdateTime": "2017-11-08 10:46:29",
                    "status": 1
                },
                {
                    "birthday": "1993-05-05 00:00:00",
                    "userPassword": "3f71d96e93e3654b4819b253eb36dabd",
                    "gender": 1,
                    "departmentId": 5506113,
                    "userName": "王忻欤",
                    "userCode": "wangxinyu",
                    "userLoginId": "wangxinyu",
                    "isDeleted": 0,
                    "listOrder": 9999,
                    "lastUpdateName": "曹健",
                    "deptCode": "440300120000X4",
                    "lastUpdateTime": "2017-10-24 11:08:34",
                    "status": 1
                },
                {
                    "birthday": "1991-06-29 00:00:00",
                    "userPassword": "e10adc3949ba59abbe56e057f20f883e",
                    "gender": 1,
                    "departmentId": 5506113,
                    "userName": "唐健",
                    "userCode": "tangjian",
                    "userLoginId": "tangjian",
                    "isDeleted": 0,
                    "listOrder": 9999,
                    "lastUpdateName": "曹健",
                    "deptCode": "440300120000X4",
                    "lastUpdateTime": "2017-09-20 22:27:44",
                    "status": 1
                },
                {
                    "birthday": "1995-10-14 00:00:00",
                    "userPassword": "e10adc3949ba59abbe56e057f20f883e",
                    "gender": 1,
                    "departmentId": 9938903,
                    "userName": "罗庆超",
                    "userCode": "luoqingchao",
                    "userLoginId": "luoqingchao",
                    "isDeleted": 0,
                    "listOrder": 9999,
                    "lastUpdateName": "终端运维组_刘",
                    "position": "技术支持",
                    "deptCode": "999",
                    "lastUpdateTime": "2017-10-13 16:41:13",
                    "status": 1
                },
                {
                    "userLoginId": "bingo",
                    "userPassword": "ebebac9be2ce02a03393df17e6b4b959",
                    "gender": 1,
                    "isDeleted": 0,
                    "departmentId": 180810,
                    "listOrder": 9999,
                    "lastUpdateName": "曹健",
                    "userName": "品高维护",
                    "deptCode": "440300120000X0001",
                    "userCode": "bingo",
                    "lastUpdateTime": "2017-09-20 22:23:09",
                    "status": 1
                },
                {
                    "userLoginId": "zdywz4",
                    "userPassword": "50508be9a0645c2299c84cec28e7f30c",
                    "gender": 1,
                    "isDeleted": 0,
                    "departmentId": 2050330,
                    "listOrder": 9999,
                    "lastUpdateName": "终端运维组_方",
                    "userName": "终端运维组_方",
                    "deptCode": "440300120000X0009",
                    "userCode": "zdywz4",
                    "lastUpdateTime": "2017-11-09 17:16:23",
                    "status": 1
                },
                {
                    "birthday": "1992-08-21 00:00:00",
                    "userPassword": "63c7d0d6b2ffb8e081ed859d51177526",
                    "gender": 1,
                    "departmentId": 180810,
                    "userName": "陈烨",
                    "userCode": "chenye",
                    "userLoginId": "chenye",
                    "isDeleted": 0,
                    "listOrder": 9999,
                    "lastUpdateName": "黎秋群",
                    "deptCode": "440300120000X0001",
                    "lastUpdateTime": "2017-11-15 16:13:04",
                    "status": 1
                },
                {
                    "birthday": "1997-08-09 00:00:00",
                    "userPassword": "e10adc3949ba59abbe56e057f20f883e",
                    "gender": 1,
                    "departmentId": 9938903,
                    "userName": "陈少恋",
                    "userCode": "chenshaolian",
                    "userLoginId": "chenshaolian",
                    "isDeleted": 0,
                    "listOrder": 9999,
                    "lastUpdateName": "终端运维组_刘",
                    "position": "技术支持",
                    "deptCode": "999",
                    "lastUpdateTime": "2017-10-13 16:42:51",
                    "status": 1
                },
                {
                    "userLoginId": "tsj",
                    "userPassword": "e10adc3949ba59abbe56e057f20f883e",
                    "gender": 1,
                    "isDeleted": 0,
                    "departmentId": 5506057,
                    "lastUpdateName": "曹健",
                    "userName": "唐生继",
                    "deptCode": "440300120000X3",
                    "userCode": "tsj",
                    "lastUpdateTime": "2017-08-21 11:00:11",
                    "status": 1
                },
                {
                    "userLoginId": "txz",
                    "userPassword": "e10adc3949ba59abbe56e057f20f883e",
                    "gender": 1,
                    "isDeleted": 0,
                    "departmentId": 5506506,
                    "lastUpdateName": "终端运维组_方",
                    "userName": "滕行哲",
                    "deptCode": "440300120000X8",
                    "userCode": "txz",
                    "lastUpdateTime": "2017-10-16 18:00:58",
                    "status": 1
                },
                {
                    "userLoginId": "hfz",
                    "userPassword": "e10adc3949ba59abbe56e057f20f883e",
                    "gender": 1,
                    "isDeleted": 0,
                    "departmentId": 5506506,
                    "lastUpdateName": "胡佛传",
                    "userName": "胡佛传",
                    "deptCode": "440300120000X8",
                    "userCode": "hfz",
                    "lastUpdateTime": "2017-11-14 14:30:03",
                    "status": 1
                },
                {
                    "userLoginId": "fcgxxsc",
                    "userPassword": "46e44aa0bc21d8a826d79344df38be4b",
                    "gender": 1,
                    "isDeleted": 0,
                    "departmentId": 180810,
                    "lastUpdateName": "管理员",
                    "userName": "测试fcgxxsc",
                    "deptCode": "440300120000X0001",
                    "userCode": "fcgxxsc",
                    "lastUpdateTime": "2017-08-23 19:06:38",
                    "status": 1
                },
                {
                    "userLoginId": "zhangyuxiang",
                    "userPassword": "f6d3552cd9f128556ccfe4883fdb731e",
                    "gender": 1,
                    "isDeleted": 0,
                    "departmentId": 5506145,
                    "lastUpdateName": "曹健",
                    "userName": "张宇翔",
                    "deptCode": "440300120000X6",
                    "userCode": "zhangyuxiang",
                    "lastUpdateTime": "2017-09-12 09:28:21",
                    "status": 1
                },
                {
                    "userLoginId": "zhangjinlin",
                    "userPassword": "f6d3552cd9f128556ccfe4883fdb731e",
                    "gender": 1,
                    "isDeleted": 0,
                    "departmentId": 202287,
                    "lastUpdateName": "曹健",
                    "userName": "张金林",
                    "deptCode": "440300039972",
                    "userCode": "zhangjinlin",
                    "lastUpdateTime": "2017-09-21 09:26:40",
                    "status": 1
                },
                {
                    "userLoginId": "fuchi",
                    "userPassword": "e10adc3949ba59abbe56e057f20f883e",
                    "gender": 1,
                    "isDeleted": 0,
                    "departmentId": 5506506,
                    "lastUpdateName": "终端运维组_方",
                    "userName": "付驰",
                    "deptCode": "440300120000X8",
                    "userCode": "fuchi",
                    "lastUpdateTime": "2017-10-16 18:04:35",
                    "status": 1
                },
                {
                    "userLoginId": "zdywz10",
                    "userPassword": "e10adc3949ba59abbe56e057f20f883e",
                    "gender": 1,
                    "isDeleted": 0,
                    "departmentId": 2050330,
                    "lastUpdateName": "终端运维组_刘",
                    "userName": "终端运维组_廖羽瀚",
                    "deptCode": "440300120000X0009",
                    "userCode": "zdywz10",
                    "lastUpdateTime": "2017-10-10 11:47:15",
                    "status": 1
                },
                {
                    "userLoginId": "zdywz11",
                    "userPassword": "e10adc3949ba59abbe56e057f20f883e",
                    "gender": 1,
                    "isDeleted": 0,
                    "departmentId": 2050330,
                    "lastUpdateName": "殷泰源",
                    "userName": "终端运维组_黄东龙",
                    "deptCode": "440300120000X0009",
                    "userCode": "zdywz11",
                    "lastUpdateTime": "2017-10-10 15:45:08",
                    "status": 1
                },
                {
                    "userLoginId": "lcw",
                    "userPassword": "e10adc3949ba59abbe56e057f20f883e",
                    "gender": 1,
                    "isDeleted": 0,
                    "departmentId": 5506506,
                    "lastUpdateName": "终端运维组_方",
                    "userName": "李丛炜",
                    "deptCode": "440300120000X8",
                    "userCode": "lcw",
                    "lastUpdateTime": "2017-10-16 16:59:21",
                    "status": 1
                },
                {
                    "userLoginId": "ljx",
                    "userPassword": "e10adc3949ba59abbe56e057f20f883e",
                    "gender": 1,
                    "isDeleted": 0,
                    "departmentId": 5506506,
                    "lastUpdateName": "终端运维组_方",
                    "userName": "李爵兴",
                    "deptCode": "440300120000X8",
                    "userCode": "ljx",
                    "lastUpdateTime": "2017-10-16 16:59:05",
                    "status": 1
                },
                {
                    "userLoginId": "cdj",
                    "userPassword": "e10adc3949ba59abbe56e057f20f883e",
                    "gender": 1,
                    "isDeleted": 0,
                    "departmentId": 9938903,
                    "lastUpdateName": "终端运维组_刘",
                    "userName": "陈道军",
                    "deptCode": "999",
                    "userCode": "cdj",
                    "lastUpdateTime": "2017-10-24 17:41:39",
                    "status": 1
                },
                {
                    "userLoginId": "yyz",
                    "userPassword": "e10adc3949ba59abbe56e057f20f883e",
                    "gender": 1,
                    "isDeleted": 0,
                    "departmentId": 9938903,
                    "lastUpdateName": "终端运维组_刘",
                    "userName": "杨应钊",
                    "deptCode": "999",
                    "userCode": "yyz",
                    "lastUpdateTime": "2017-10-24 17:42:39",
                    "status": 1
                },
                {
                    "userLoginId": "zxr",
                    "userPassword": "9c83a2bb136c67542cc2d130e661c795",
                    "gender": 1,
                    "isDeleted": 0,
                    "departmentId": 9938903,
                    "lastUpdateName": "OA",
                    "userName": "朱许荣",
                    "deptCode": "999",
                    "userCode": "zxr",
                    "lastUpdateTime": "2017-11-15 08:56:15",
                    "status": 1
                },
                {
                    "userLoginId": "yanfumin",
                    "userPassword": "f6d3552cd9f128556ccfe4883fdb731e",
                    "gender": 1,
                    "isDeleted": 0,
                    "departmentId": 5506057,
                    "lastUpdateName": "终端运维组_方",
                    "userName": "严富民",
                    "deptCode": "440300120000X3",
                    "userCode": "yanfumin",
                    "lastUpdateTime": "2017-10-25 16:36:52",
                    "status": 1
                },
                {
                    "userLoginId": "xqc",
                    "userPassword": "f6d3552cd9f128556ccfe4883fdb731e",
                    "gender": 1,
                    "isDeleted": 0,
                    "departmentId": 180810,
                    "lastUpdateName": "终端运维组_方",
                    "userName": "辛巧春",
                    "deptCode": "440300120000X0001",
                    "userCode": "xqc",
                    "lastUpdateTime": "2017-11-08 15:39:57",
                    "status": 1
                },
                {
                    "userLoginId": "dtjx",
                    "userPassword": "f6d3552cd9f128556ccfe4883fdb731e",
                    "gender": 1,
                    "isDeleted": 0,
                    "departmentId": 180810,
                    "lastUpdateName": "终端运维组_廖",
                    "userName": "视频测试号",
                    "deptCode": "440300120000X0001",
                    "userCode": "dtjx",
                    "lastUpdateTime": "2017-11-13 14:19:18",
                    "status": 1
                },
                {
                    "userLoginId": "431026198004090033",
                    "userPassword": "e10adc3949ba59abbe56e057f20f883e",
                    "gender": 1,
                    "isDeleted": 0,
                    "departmentId": 202287,
                    "lastUpdateName": "终端运维组_方",
                    "userName": "唐江源",
                    "deptCode": "440300039972",
                    "userCode": "431026198004090033",
                    "lastUpdateTime": "2017-11-15 17:27:42",
                    "status": 1
                }
            ],
            "path": "/1/10/5427184/30509253/",
            "pathLevel": "4",
            "isDeleted": 0,
            "listOrder": 18,
            "name": "星火公司",
            "pytree": "/SYBM/SZSGAJ/CSDW/XHGS",
            "lastUpdateName": "殷泰源",
            "id": 30509253,
            "category": 2,
            "deptCode": "9999517431797",
            "lastUpdateTime": "2017-11-13 17:07:37",
            "child": [
                {
                    "pathtree": "/所有部门/深圳市公安局/测试单位/星火公司/星火公司警务云项目组",
                    "py": "XHGSJWYXMZ",
                    "users": [],
                    "path": "/1/10/5427184/30509253/2712740/",
                    "pathLevel": "5",
                    "isDeleted": 0,
                    "listOrder": 1,
                    "name": "星火公司警务云项目组",
                    "pytree": "/SYBM/SZSGAJ/CSDW/XHGS/XHGSJWYXMZ",
                    "lastUpdateName": "殷泰源",
                    "id": 2712740,
                    "category": 2,
                    "deptCode": "440300120000X2",
                    "lastUpdateTime": "2017-11-14 19:39:52",
                    "child": []
                },
                {
                    "pathtree": "/所有部门/深圳市公安局/测试单位/星火公司/星火公司计算机事业部",
                    "py": "XHGSJSJSYB",
                    "users": [],
                    "path": "/1/10/5427184/30509253/202287/",
                    "pathLevel": "5",
                    "isDeleted": 0,
                    "listOrder": 2,
                    "name": "星火公司计算机事业部",
                    "pytree": "/SYBM/SZSGAJ/CSDW/XHGS/XHGSJSJSYB",
                    "lastUpdateName": "殷泰源",
                    "id": 202287,
                    "category": 2,
                    "deptCode": "440300039972",
                    "lastUpdateTime": "2017-11-14 19:39:59",
                    "child": []
                },
                {
                    "pathtree": "/所有部门/深圳市公安局/测试单位/星火公司/星火公司视频部",
                    "py": "XHGSSPB",
                    "users": [],
                    "path": "/1/10/5427184/30509253/5506145/",
                    "pathLevel": "5",
                    "isDeleted": 0,
                    "listOrder": 3,
                    "name": "星火公司视频部",
                    "pytree": "/SYBM/SZSGAJ/CSDW/XHGS/XHGSSPB",
                    "lastUpdateName": "殷泰源",
                    "id": 5506145,
                    "category": 2,
                    "deptCode": "440300120000X6",
                    "lastUpdateTime": "2017-11-14 19:40:05",
                    "child": []
                },
                {
                    "pathtree": "/所有部门/深圳市公安局/测试单位/星火公司/星火公司无线通信事业部",
                    "py": "XHGSWXTXSYB",
                    "users": [],
                    "path": "/1/10/5427184/30509253/7879045/",
                    "pathLevel": "5",
                    "isDeleted": 0,
                    "listOrder": 4,
                    "name": "星火公司无线通信事业部",
                    "pytree": "/SYBM/SZSGAJ/CSDW/XHGS/XHGSWXTXSYB",
                    "lastUpdateName": "殷泰源",
                    "id": 7879045,
                    "category": 1,
                    "deptCode": "440300120000xx",
                    "lastUpdateTime": "2017-11-14 19:40:10",
                    "child": []
                },
                {
                    "pathtree": "/所有部门/深圳市公安局/测试单位/星火公司/星火公司指挥中心保障部",
                    "py": "XHGSZHZXBZB",
                    "users": [],
                    "path": "/1/10/5427184/30509253/9938903/",
                    "pathLevel": "5",
                    "isDeleted": 0,
                    "listOrder": 5,
                    "name": "星火公司指挥中心保障部",
                    "pytree": "/SYBM/SZSGAJ/CSDW/XHGS/XHGSZHZXBZB",
                    "lastUpdateName": "殷泰源",
                    "id": 9938903,
                    "category": 1,
                    "deptCode": "999",
                    "lastUpdateTime": "2017-11-14 19:40:25",
                    "child": []
                },
                {
                    "pathtree": "/所有部门/深圳市公安局/测试单位/星火公司/其他",
                    "py": "QT",
                    "users": [],
                    "path": "/1/10/5427184/30509253/201645/",
                    "pathLevel": "5",
                    "isDeleted": 0,
                    "listOrder": 56,
                    "name": "其他",
                    "pytree": "/SYBM/SZSGAJ/CSDW/XHGS/QT",
                    "lastUpdateName": "曹健",
                    "id": 201645,
                    "category": 2,
                    "deptCode": "440300051162",
                    "lastUpdateTime": "2017-03-29 14:56:59",
                    "child": []
                }
            ]
        }
    ]
}