{
    "code": 0,
    "cmd": "/apptype/getAppNavBar",
    "data": [
        {
            "appId": 1,
            "appName": "改革创新网",
            "appService": "REFORM",
            "appTypeId": 5,
            "appUrl": "http://10.42.0.208",
            "imgPath": "//upload//201705//1.png",
            "description": "实现与市局改革创新网网站的初步，提供排行榜、我的项目、改革论坛三个功能模块来归类展示信息",
            "developCompany": "1",
            "buildDept": "视频警察支队",
            "flag": true,
            "ieFlag": false,
            "listOrder": 1,
            "isInstall": 1,
            "installDate": "2017-10-19 10:07:36",
            "appTypeName": "管理考核"
        },
        {
            "appId": 8,
            "appName": "治安之眼",
            "appService": "com.wiscomvision.KingVMS_ZHIANSHEQU",
            "appTypeId": 6,
            "appUrl": null,
            "imgPath": "//upload//201705//1.png",
            "description": "在警务云终端运用公安专网调用特行的社会化视频资源，进行有效管控还能给民警破案取证、应急指挥控制突发性治安及反恐事件提供技术支持",
            "developCompany": "1",
            "buildDept": "视频警察支队",
            "flag": true,
            "ieFlag": false,
            "listOrder": 8,
            "isInstall": 1,
            "installDate": "2017-10-19 09:38:32",
            "appTypeName": "辅助办公"
        },
        {
            "appId": 10,
            "appName": "资金网络查控系统",
            "appService": "HD_DBSX",
            "appTypeId": 8,
            "appUrl": "http://10.42.20.232",
            "imgPath": "//upload//201705//1.png",
            "description": "1、显示待办事项和已办事项。\r\n2、查看申请信息。\r\n3、可以审批。\r\n4、提供下载功能。",
            "developCompany": "16",
            "buildDept": "经济犯罪侦查支队",
            "flag": true,
            "ieFlag": false,
            "listOrder": 10,
            "isInstall": 1,
            "installDate": "2017-10-19 09:38:32",
            "appTypeName": "信息查询"
        },
        {
            "appId": 12,
            "appName": "公交应用",
            "appService": "COLLECT_PATROL_APP",
            "appTypeId": 10,
            "appUrl": "http://10.42.0.235:9000",
            "imgPath": "//upload//201705//1.png",
            "description": "1、分为公交巡逻和地铁安检\r\n2、公交巡逻为公交分局人员打卡使用。\r\n3、地铁安检为地铁里对违禁物品的查询登记。",
            "developCompany": "1",
            "buildDept": "公交分局",
            "flag": true,
            "ieFlag": false,
            "listOrder": 12,
            "isInstall": 1,
            "installDate": "2017-10-19 09:38:32",
            "appTypeName": "警队沟通"
        },
        {
            "appId": 13,
            "appName": "执法手册",
            "appService": "com.xinghuo.zhifashouce",
            "appTypeId": 8,
            "appUrl": "http://172.28.0.56:9000",
            "imgPath": "//upload//201705//1.png",
            "description": "展示民警执法的法律依据和应对措施",
            "developCompany": "1",
            "buildDept": "视频警察支队",
            "flag": true,
            "ieFlag": false,
            "listOrder": 13,
            "isInstall": 1,
            "installDate": "2017-10-19 09:38:32",
            "appTypeName": "信息查询"
        },
        {
            "appId": 14,
            "appName": "情报中心云平台hhh",
            "appService": "SZICP",
            "appTypeId": 5,
            "appUrl": "",
            "imgPath": "//upload//201705//1.png",
            "description": "情报中心云平台用于情报系统的流程审批。应用主页提供分类列表，包括待审批和已审批列表；点击列表项可进入详情页去审批流程，或浏览流程的审批记录。",
            "developCompany": "1",
            "buildDept": "视频警察支队",
            "flag": true,
            "ieFlag": false,
            "listOrder": 14,
            "isInstall": 1,
            "installDate": "2017-10-19 09:38:32",
            "appTypeName": "管理考核"
        },
        {
            "appId": 17,
            "appName": "警情多维分析",
            "appService": "DWFX_HZ",
            "appTypeId": 6,
            "appUrl": null,
            "imgPath": "//upload//201705//2.png",
            "description": "实现对接处警警情的多维度的统计分析",
            "developCompany": "4",
            "buildDept": "指挥部",
            "flag": true,
            "ieFlag": false,
            "listOrder": 17,
            "isInstall": 1,
            "installDate": "2017-10-19 09:38:32",
            "appTypeName": "辅助办公"
        },
        {
            "appId": 18,
            "appName": "龙华分局主页",
            "appService": "LHFJWEB",
            "appTypeId": 9,
            "appUrl": "http://10.42.0.235:9000",
            "imgPath": "//upload//201705//6.png",
            "description": "实现与福田分局主页的初步对接，分类展示通知通告、领导批示、新闻动态、工作信息、宣传专栏信息",
            "developCompany": "1",
            "buildDept": "龙华分局",
            "flag": true,
            "ieFlag": false,
            "listOrder": 18,
            "isInstall": 1,
            "installDate": "2017-10-23 15:03:17",
            "appTypeName": "工具辅助"
        },
        {
            "appId": 19,
            "appName": "星火测试",
            "appService": "XH_DEMO",
            "appTypeId": 12,
            "appUrl": "http://10.42.0.235:9000",
            "imgPath": "//upload//201705//1.png",
            "description": null,
            "developCompany": "1",
            "buildDept": null,
            "flag": true,
            "ieFlag": false,
            "listOrder": 19,
            "isInstall": 1,
            "installDate": "2017-10-19 09:38:32",
            "appTypeName": "网站资讯"
        },
        {
            "appId": 20,
            "appName": "网络侦查服务平台",
            "appService": "INVESTIGATE-SEARCH",
            "appTypeId": 5,
            "appUrl": "http://10.42.0.235:9000",
            "imgPath": "//upload//201705//7.png",
            "description": "结合警务专网整合公安网数据，实现根据7类不同线索类型查看相关线索。",
            "developCompany": "1",
            "buildDept": "网警支队",
            "flag": true,
            "ieFlag": false,
            "listOrder": 20,
            "isInstall": 1,
            "installDate": "2017-10-19 09:38:32",
            "appTypeName": "管理考核"
        },
        {
            "appId": 22,
            "appName": "福田分局主页",
            "appService": "FT_FTZY",
            "appTypeId": 9,
            "appUrl": "http://10.235.111.28:8090",
            "imgPath": "//upload//201705//1.png",
            "description": "实现与福田分局主页的初步对接，分类展示工作动态、通知公告、置顶新闻和搜索的功能\r\n",
            "developCompany": "5",
            "buildDept": "福田分局",
            "flag": true,
            "ieFlag": false,
            "listOrder": 22,
            "isInstall": 1,
            "installDate": "2017-10-19 09:38:32",
            "appTypeName": "工具辅助"
        },
        {
            "appId": 23,
            "appName": "问题反馈",
            "appService": "QUESTION",
            "appTypeId": 12,
            "appUrl": "http://10.42.0.235:9000",
            "imgPath": "//upload//201705//1.png",
            "description": "提供问题反馈应用方便用户反馈终端使用问题，用户发起反馈之后，问题反馈可以及时收到消息通知，给予答复，答复之后，用户也可以收到消息中心发送的消息通知，点击消息可以查看回复内容",
            "developCompany": "1",
            "buildDept": "视频警察支队",
            "flag": true,
            "ieFlag": false,
            "listOrder": 23,
            "isInstall": 1,
            "installDate": "2017-10-19 09:38:32",
            "appTypeName": "网站资讯"
        },
        {
            "appId": 25,
            "appName": "公交分局主页",
            "appService": "GJFJWEB",
            "appTypeId": 9,
            "appUrl": "http://10.42.0.235:9000",
            "imgPath": "//upload//201705//4.png",
            "description": "实现与公交分局主页的初步对接，分类展示分局动态、文件通知、基层动态信息",
            "developCompany": "1",
            "buildDept": "公交分局",
            "flag": true,
            "ieFlag": false,
            "listOrder": 25,
            "isInstall": 1,
            "installDate": "2017-10-19 09:38:32",
            "appTypeName": "工具辅助"
        },
        {
            "appId": 27,
            "appName": "宝安监控.电信",
            "appService": "NETPOSA",
            "appTypeId": 4,
            "appUrl": null,
            "imgPath": "//upload//201705//1.png",
            "description": "一款移动视频监控应用，民警可以随时调阅整个宝安区的实时视频监控录像，方便对该辖区的治安防控做出最精准的判断。",
            "developCompany": "6",
            "buildDept": "宝安分局",
            "flag": true,
            "ieFlag": false,
            "listOrder": 27,
            "isInstall": 1,
            "installDate": "2017-10-19 09:38:32",
            "appTypeName": "个人桌面"
        },
        {
            "appId": 28,
            "appName": "南山盐田小天眼",
            "appService": "IVMS",
            "appTypeId": 4,
            "appUrl": null,
            "imgPath": "//upload//201705//2.png",
            "description": "在线查看南山和盐田的小天眼视频",
            "developCompany": "7",
            "buildDept": "视频警察支队",
            "flag": true,
            "ieFlag": false,
            "listOrder": 28,
            "isInstall": 1,
            "installDate": "2017-10-19 09:38:32",
            "appTypeName": "个人桌面"
        },
        {
            "appId": 29,
            "appName": "罗湖执法指引",
            "appService": "LUOHULOR",
            "appTypeId": 6,
            "appUrl": "http://10.42.39.247:9000",
            "imgPath": "//upload//201705//3.png",
            "description": "通过首页目录，列表页和内容详情页来查询具体的执法指引。",
            "developCompany": "1",
            "buildDept": "罗湖分局",
            "flag": true,
            "ieFlag": false,
            "listOrder": 29,
            "isInstall": 1,
            "installDate": "2017-10-19 09:38:32",
            "appTypeName": "辅助办公"
        },
        {
            "appId": 31,
            "appName": "福田涉黄人员管控",
            "appService": "FT_SHRY",
            "appTypeId": 11,
            "appUrl": null,
            "imgPath": "//upload//201705//1.png",
            "description": "基于警务云终端的福田涉黄人员管控app，可以随时随地对涉黄人员进行签收、办理、转发等操作，以及查看各类统计数据",
            "developCompany": "5",
            "buildDept": "福田分局",
            "flag": true,
            "ieFlag": false,
            "listOrder": 31,
            "isInstall": 1,
            "installDate": "2017-10-19 09:38:32",
            "appTypeName": "教育学习"
        },
        {
            "appId": 34,
            "appName": "罗湖分局主页",
            "appService": "LUOHU_WEB",
            "appTypeId": 9,
            "appUrl": "http://10.42.0.235:9000",
            "imgPath": "//upload//201705//4.png",
            "description": "实现与罗湖分局主页的初步对接，分类展示部门动态、派出所动态、通知文件、分局动态信息",
            "developCompany": "1",
            "buildDept": "罗湖分局",
            "flag": true,
            "ieFlag": false,
            "listOrder": 34,
            "isInstall": 1,
            "installDate": "2017-10-19 09:38:32",
            "appTypeName": "工具辅助"
        },
        {
            "appId": 37,
            "appName": "动态",
            "appService": "BINGO_BLOG",
            "appTypeId": 7,
            "appUrl": null,
            "imgPath": "//upload//201705//5.png",
            "description": null,
            "developCompany": "1",
            "buildDept": null,
            "flag": true,
            "ieFlag": false,
            "listOrder": 37,
            "isInstall": 1,
            "installDate": "2017-10-19 09:38:32",
            "appTypeName": "视频监控"
        },
        {
            "appId": 38,
            "appName": "警信",
            "appService": "BINGO_MESSAGE",
            "appTypeId": 7,
            "appUrl": null,
            "imgPath": "//upload//201705//6.png",
            "description": null,
            "developCompany": "1",
            "buildDept": null,
            "flag": true,
            "ieFlag": false,
            "listOrder": 38,
            "isInstall": 1,
            "installDate": "2017-10-19 09:38:32",
            "appTypeName": "视频监控"
        },
        {
            "appId": 40,
            "appName": "宝安分局主页",
            "appService": "BAFJWEB",
            "appTypeId": 5,
            "appUrl": "http://10.42.0.235:9000",
            "imgPath": "//upload//201705//5.png",
            "description": "分类展示宝安分局的主页新闻。",
            "developCompany": "1",
            "buildDept": "宝安分局",
            "flag": true,
            "ieFlag": false,
            "listOrder": 40,
            "isInstall": 1,
            "installDate": "2017-10-19 09:38:32",
            "appTypeName": "管理考核"
        },
        {
            "appId": 41,
            "appName": "盐田分局主页",
            "appService": "YTFJWEB",
            "appTypeId": 5,
            "appUrl": "http://10.42.0.235:9000",
            "imgPath": "//upload//201705//1.png",
            "description": "实现与盐田分局主页的初步对接，分类展示分局动态、通知公告、工作动态信息",
            "developCompany": "1",
            "buildDept": "盐田分局",
            "flag": true,
            "ieFlag": false,
            "listOrder": 41,
            "isInstall": 1,
            "installDate": "2017-10-19 09:38:32",
            "appTypeName": "管理考核"
        },
        {
            "appId": 43,
            "appName": "龙岗分局主页",
            "appService": "LGFJMH",
            "appTypeId": 5,
            "appUrl": null,
            "imgPath": "//upload//201705//1.png",
            "description": "基于警务云终端的龙岗分局门户APP，可以随时随地的访问分局门户，了解分局动态及警务工作。\r\n",
            "developCompany": "3",
            "buildDept": "龙岗分局",
            "flag": true,
            "ieFlag": false,
            "listOrder": 43,
            "isInstall": 1,
            "installDate": "2017-10-19 09:38:32",
            "appTypeName": "管理考核"
        },
        {
            "appId": 44,
            "appName": "龙岗视频工作室",
            "appService": "LGFJGZS",
            "appTypeId": 5,
            "appUrl": "http://10.42.22.179:8080",
            "imgPath": "//upload//201705//1.png",
            "description": "基于警务云终端进行视频大队工作室任务添加、查看、回复",
            "developCompany": "3",
            "buildDept": "龙岗分局",
            "flag": true,
            "ieFlag": false,
            "listOrder": 44,
            "isInstall": 1,
            "installDate": "2017-10-19 09:38:32",
            "appTypeName": "管理考核"
        },
        {
            "appId": 45,
            "appName": "光明分局主页",
            "appService": "GMFJWEB",
            "appTypeId": 5,
            "appUrl": "http://10.42.0.235:9000",
            "imgPath": "//upload//201705//1.png",
            "description": "实现与深圳市光明分局主页的初步对接，分类展示光明分局动态、通知通告、信息快讯、文件简报信息。",
            "developCompany": "1",
            "buildDept": "光明分局",
            "flag": true,
            "ieFlag": false,
            "listOrder": 45,
            "isInstall": 1,
            "installDate": "2017-10-20 19:07:02",
            "appTypeName": "管理考核"
        },
        {
            "appId": 46,
            "appName": "动态人像",
            "appService": "com.searchresident",
            "appTypeId": 5,
            "appUrl": "http://172.18.224.160:8083",
            "imgPath": "//upload//201705//1.png",
            "description": "动态人像是一款视频监控类应用，对图片上的人物或者身份信息进行身份匹配、查询、搜索、区域布控，能对摄像头下的场景实时采集，有效的协助警官工作、办案。",
            "developCompany": "3",
            "buildDept": "龙岗分局",
            "flag": true,
            "ieFlag": false,
            "listOrder": 46,
            "isInstall": 1,
            "installDate": "2017-10-19 09:38:32",
            "appTypeName": "管理考核"
        },
        {
            "appId": 47,
            "appName": "350M录音查询",
            "appService": "LUYIN",
            "appTypeId": 5,
            "appUrl": null,
            "imgPath": "//upload//201705//8.png",
            "description": "实现民警呼叫记录中采集的录音查询功能",
            "developCompany": "1",
            "buildDept": "视频警察支队",
            "flag": true,
            "ieFlag": false,
            "listOrder": 47,
            "isInstall": 1,
            "installDate": "2017-10-19 09:38:32",
            "appTypeName": "管理考核"
        },
        {
            "appId": 51,
            "appName": "X-Sight视综",
            "appService": "cn.net.xinyi.xsight",
            "appTypeId": 5,
            "appUrl": "http://10.235.108.196:8080",
            "imgPath": "//upload//201705//2.png",
            "description": "基于X-Sight视综平台，将现有的视综平台上的查询，各组织部门，各部门下的的镜头移植到手机上实现，实现随时可查，随时可看镜头的实时录像。",
            "developCompany": "3",
            "buildDept": "视频警察支队",
            "flag": true,
            "ieFlag": false,
            "listOrder": 51,
            "isInstall": 1,
            "installDate": "2017-10-19 09:38:32",
            "appTypeName": "管理考核"
        },
        {
            "appId": 52,
            "appName": "龙岗个人中心",
            "appService": "LGFJGRZX",
            "appTypeId": 5,
            "appUrl": null,
            "imgPath": "//upload//201705//2.png",
            "description": "基于警务云终端，对接龙岗分局个人中心平台，在移动端为全局民警提供个人事务处理、信息查询、信息推送等移动办公的功能。",
            "developCompany": "3",
            "buildDept": "龙岗分局",
            "flag": true,
            "ieFlag": false,
            "listOrder": 52,
            "isInstall": 1,
            "installDate": "2017-10-20 19:07:02",
            "appTypeName": "管理考核"
        },
        {
            "appId": 54,
            "appName": "大鹏分局主页",
            "appService": "DPFJWEB",
            "appTypeId": 5,
            "appUrl": "http://10.42.0.235:9000",
            "imgPath": "//upload//201705//1.png",
            "description": "实现与大鹏分局主页的初步对接，分类展示通知公告、机关动态、基层动态信息",
            "developCompany": "1",
            "buildDept": "大鹏分局",
            "flag": true,
            "ieFlag": false,
            "listOrder": 54,
            "isInstall": 1,
            "installDate": "2017-10-19 09:38:32",
            "appTypeName": "管理考核"
        },
        {
            "appId": 58,
            "appName": "机场分局主页",
            "appService": "JCFJWEB",
            "appTypeId": 5,
            "appUrl": "http://10.42.0.235:9000",
            "imgPath": "//upload//201705//4.png",
            "description": "实现与深圳市公安局机场分局(http://10.42.24.240/)的对接，分类展示网站的通知通告，工作动态信息。并可以根据标题关键字进行检索。",
            "developCompany": "1",
            "buildDept": "机场分局",
            "flag": true,
            "ieFlag": false,
            "listOrder": 58,
            "isInstall": 1,
            "installDate": "2017-10-19 09:38:32",
            "appTypeName": "管理考核"
        },
        {
            "appId": 59,
            "appName": "预审监管支队主页",
            "appService": "YSZDWEB",
            "appTypeId": 5,
            "appUrl": null,
            "imgPath": "//upload//201705//5.png",
            "description": "实现与深圳市预审监管支队主页的初步对接，分类展示通知通告、预审监管工作、基层工作。",
            "developCompany": "1",
            "buildDept": "预审监管支队",
            "flag": true,
            "ieFlag": false,
            "listOrder": 59,
            "isInstall": 1,
            "installDate": "2017-10-19 09:38:32",
            "appTypeName": "管理考核"
        },
        {
            "appId": 61,
            "appName": "福田涉恐人员管控",
            "appService": "FT_SKRY",
            "appTypeId": 5,
            "appUrl": "http://10.235.111.28:8090",
            "imgPath": "//upload//201705//1.png",
            "description": "基于警务云终端的福田涉恐人员管控app，可以随时随地对涉恐人员进行签收、办理、转发等操作，以及查看各类统计数据",
            "developCompany": "5",
            "buildDept": "福田分局",
            "flag": true,
            "ieFlag": false,
            "listOrder": 61,
            "isInstall": 1,
            "installDate": "2017-10-19 09:38:32",
            "appTypeName": "管理考核"
        },
        {
            "appId": 63,
            "appName": "处警指引.张欣之",
            "appService": "CAD-GUIDANCE",
            "appTypeId": 5,
            "appUrl": "http://10.42.0.235:9000",
            "imgPath": "//upload//201705//1.png",
            "description": "是提供接处警指引种类不同分类的指引菜单，对不同警情的逐个分类规划，对处理步骤以及采集步骤做出详细的说明。",
            "developCompany": "1",
            "buildDept": "南山分局",
            "flag": true,
            "ieFlag": false,
            "listOrder": 63,
            "isInstall": 1,
            "installDate": "2017-10-19 09:38:32",
            "appTypeName": "管理考核"
        },
        {
            "appId": 64,
            "appName": "民警训练平台",
            "appService": "LGMJPX",
            "appTypeId": 5,
            "appUrl": null,
            "imgPath": "//upload//201705//7.png",
            "description": "基于龙岗公安分局民警训练平台网站开发的APP，民警可通过 APP 查询各类在线微课程信息，并选择个人感兴趣的课程，政治处根据用户的选课情况（统计选课数量）安排线下授课。",
            "developCompany": "3",
            "buildDept": "龙岗分局",
            "flag": true,
            "ieFlag": false,
            "listOrder": 64,
            "isInstall": 1,
            "installDate": "2017-10-19 09:38:32",
            "appTypeName": "管理考核"
        },
        {
            "appId": 67,
            "appName": "宝安e法",
            "appService": "BA_ELAW",
            "appTypeId": 5,
            "appUrl": "http://10.235.142.34:9090",
            "imgPath": "//upload//201705//1.png",
            "description": "将基层民警日常工作中常用的法律法规和内部执法指引搜集整理成电子执法手册，便于民警在工作过程中查阅学习，为民警执法办案提供实时法律支持。",
            "developCompany": "13",
            "buildDept": "宝安分局",
            "flag": true,
            "ieFlag": false,
            "listOrder": 67,
            "isInstall": 1,
            "installDate": "2017-10-19 09:38:32",
            "appTypeName": "管理考核"
        },
        {
            "appId": 71,
            "appName": "警务标准",
            "appService": "JINGWUBIAOZHUN",
            "appTypeId": 5,
            "appUrl": "http://10.42.0.235:9000",
            "imgPath": "//upload//201705//1.png",
            "description": "浏览下载深圳市公安局警务标准文档。",
            "developCompany": "1",
            "buildDept": "指挥部改革办",
            "flag": true,
            "ieFlag": false,
            "listOrder": 71,
            "isInstall": 1,
            "installDate": "2017-10-19 09:38:32",
            "appTypeName": "管理考核"
        },
        {
            "appId": 72,
            "appName": "616信息采集",
            "appService": "INFO_COLLECT_616",
            "appTypeId": 5,
            "appUrl": "http://10.42.62.173:8180",
            "imgPath": "//upload//201705//1.png",
            "description": "616人员盘查信息采集。",
            "developCompany": "1",
            "buildDept": "反恐怖工作支队",
            "flag": true,
            "ieFlag": false,
            "listOrder": 72,
            "isInstall": 1,
            "installDate": "2017-10-19 09:38:32",
            "appTypeName": "管理考核"
        },
        {
            "appId": 73,
            "appName": "公交巡逻",
            "appService": "PATROL",
            "appTypeId": 5,
            "appUrl": "http://10.42.0.235:9000",
            "imgPath": "//upload//201705//1.png",
            "description": "公交巡逻app",
            "developCompany": "1",
            "buildDept": "公交分局",
            "flag": true,
            "ieFlag": false,
            "listOrder": 73,
            "isInstall": 1,
            "installDate": "2017-10-19 09:38:32",
            "appTypeName": "管理考核"
        },
        {
            "appId": 74,
            "appName": "情指派单.龙华",
            "appService": "TASK-MANAGE",
            "appTypeId": 5,
            "appUrl": null,
            "imgPath": "//upload//201705//5.png",
            "description": "实现情报信息与一线警务对接，确保涉密情报信息的数据安全规范情报派单、警情回访和信息采集的业务流程。\r\n",
            "developCompany": "1",
            "buildDept": "龙华分局",
            "flag": true,
            "ieFlag": false,
            "listOrder": 74,
            "isInstall": 1,
            "installDate": "2017-10-19 09:38:32",
            "appTypeName": "管理考核"
        },
        {
            "appId": 75,
            "appName": "情指派单·机场",
            "appService": "TASK-MANAGE-JICHANG",
            "appTypeId": 5,
            "appUrl": "http://10.42.24.94:8085",
            "imgPath": "//upload//201705//1.png",
            "description": "展示情指派单列表和详情，提供反馈（对普通民警）和审批（对领导）功能，完成情报单的处理。",
            "developCompany": "1",
            "buildDept": "机场分局",
            "flag": true,
            "ieFlag": false,
            "listOrder": 75,
            "isInstall": 1,
            "installDate": "2017-10-19 09:38:32",
            "appTypeName": "管理考核"
        },
        {
            "appId": 77,
            "appName": "南山分局主页",
            "appService": "NS_Web",
            "appTypeId": 5,
            "appUrl": null,
            "imgPath": "//upload//201705//4.png",
            "description": "实现与南山分局主页的初步对接，主要展示南山分局内网网站中的图片新闻、信息快讯、通知通告、文件简报以及其子类信息。",
            "developCompany": "3",
            "buildDept": "南山分局",
            "flag": true,
            "ieFlag": false,
            "listOrder": 77,
            "isInstall": 1,
            "installDate": "2017-10-19 09:38:32",
            "appTypeName": "管理考核"
        },
        {
            "appId": 79,
            "appName": "警务微课堂",
            "appService": "WEL_COURSE",
            "appTypeId": 5,
            "appUrl": "http://10.42.2.208",
            "imgPath": "//upload//201705//1.png",
            "description": "在线警务课程学习app平台",
            "developCompany": "15",
            "buildDept": "政治部",
            "flag": true,
            "ieFlag": false,
            "listOrder": 79,
            "isInstall": 1,
            "installDate": "2017-10-19 09:38:32",
            "appTypeName": "管理考核"
        },
        {
            "appId": 80,
            "appName": "社区管控平台.南山",
            "appService": "NSYDJW",
            "appTypeId": 5,
            "appUrl": "http://10.42.64.189:8080",
            "imgPath": "//upload//201705//7.png",
            "description": "针对八类可防性案件建立案件分析，实现对辖区内的发案情况实时进行掌控、分析、研判，适时调度巡逻防控力量。通过整合所有社区相关数据，获取预警常量。",
            "developCompany": "3",
            "buildDept": "南山分局",
            "flag": true,
            "ieFlag": false,
            "listOrder": 80,
            "isInstall": 1,
            "installDate": "2017-10-19 09:38:32",
            "appTypeName": "管理考核"
        },
        {
            "appId": 81,
            "appName": "云课堂",
            "appService": "CLOUD-LESSONS",
            "appTypeId": 5,
            "appUrl": "http://10.42.0.235:9000",
            "imgPath": "//upload//201705//9.png",
            "description": "提供学习警务云相关的课程列表的浏览和课程详情学习。",
            "developCompany": "1",
            "buildDept": "龙华分局",
            "flag": true,
            "ieFlag": false,
            "listOrder": 81,
            "isInstall": 1,
            "installDate": "2017-10-19 09:38:32",
            "appTypeName": "管理考核"
        },
        {
            "appId": 82,
            "appName": "市局主页",
            "appService": "SZGAWEB",
            "appTypeId": 5,
            "appUrl": "http://10.42.0.235:9000",
            "imgPath": "//upload//201705//3.png",
            "description": "分类展示全局通用内部新闻内容",
            "developCompany": "1",
            "buildDept": "视频警察支队",
            "flag": true,
            "ieFlag": false,
            "listOrder": 82,
            "isInstall": 1,
            "installDate": "2017-10-23 15:03:17",
            "appTypeName": "管理考核"
        },
        {
            "appId": 83,
            "appName": "局长信箱·福田",
            "appService": "FUTIAN-DIRECTOR-MAILBOX",
            "appTypeId": 5,
            "appUrl": "http://10.42.48.222:8085",
            "imgPath": "//upload//201705//1.png",
            "description": "局长信箱·福田为提供留言功能（对普通用户）和查看/回复留言功能（对局长）。",
            "developCompany": "1",
            "buildDept": "福田分局",
            "flag": true,
            "ieFlag": false,
            "listOrder": 83,
            "isInstall": 1,
            "installDate": "2017-10-19 09:38:32",
            "appTypeName": "管理考核"
        },
        {
            "appId": 87,
            "appName": "坪山分局主页",
            "appService": "PINGSHAN_WEB",
            "appTypeId": 5,
            "appUrl": "http://10.42.0.235:9000",
            "imgPath": "//upload//201705//9.png",
            "description": "分类展示坪山分局内部新闻内容。",
            "developCompany": "1",
            "buildDept": "坪山分局",
            "flag": true,
            "ieFlag": false,
            "listOrder": 87,
            "isInstall": 1,
            "installDate": "2017-10-19 09:38:32",
            "appTypeName": "管理考核"
        },
        {
            "appId": 88,
            "appName": "扫一扫",
            "appService": "INFO_SYIS",
            "appTypeId": 5,
            "appUrl": "http://10.42.0.235:9000",
            "imgPath": "//upload//201705//3.png",
            "description": "扫描二维码功能",
            "developCompany": "1",
            "buildDept": "视频警察支队",
            "flag": true,
            "ieFlag": false,
            "listOrder": 88,
            "isInstall": 1,
            "installDate": "2017-10-19 09:38:32",
            "appTypeName": "管理考核"
        },
        {
            "appId": 89,
            "appName": "人口管理处主页",
            "appService": "RKCWEB",
            "appTypeId": 5,
            "appUrl": "http://10.42.0.235:9000",
            "imgPath": "//upload//201705//1.png",
            "description": "分类展示人口管理处的新闻。",
            "developCompany": "1",
            "buildDept": "人口管理处",
            "flag": true,
            "ieFlag": false,
            "listOrder": 89,
            "isInstall": 1,
            "installDate": "2017-10-19 09:38:32",
            "appTypeName": "管理考核"
        },
        {
            "appId": 90,
            "appName": "知识库",
            "appService": "ZHISHIKU",
            "appTypeId": 5,
            "appUrl": "http://10.42.0.235:9000",
            "imgPath": "//upload//201705//8.png",
            "description": "查看到知识库的相关内容模块，根据不同种类问题，查询相关警务云知识点。将目前所以的警务云终端的常见问题分类，并加入故障反馈功能，方便民警查阅。",
            "developCompany": "1",
            "buildDept": "视频警察支队",
            "flag": true,
            "ieFlag": false,
            "listOrder": 90,
            "isInstall": 1,
            "installDate": "2017-10-19 09:38:32",
            "appTypeName": "管理考核"
        },
        {
            "appId": 92,
            "appName": "南园所管控手册",
            "appService": "FT_BOOK",
            "appTypeId": 5,
            "appUrl": "http://10.235.111.28:8090",
            "imgPath": "//upload//201705//1.png",
            "description": "南园法律法规、案件信息发布及查看，工作目录发布\r\n",
            "developCompany": "5",
            "buildDept": "福田公安分局",
            "flag": true,
            "ieFlag": false,
            "listOrder": 92,
            "isInstall": 1,
            "installDate": "2017-10-19 09:38:32",
            "appTypeName": "管理考核"
        },
        {
            "appId": 93,
            "appName": "会展科技安保",
            "appService": "FT_HZZDRY",
            "appTypeId": 5,
            "appUrl": "http://10.235.111.28:8090",
            "imgPath": "//upload//201705//1.png",
            "description": "会展期间数据采集的展示与重点人员的推送及管控业务功能操作\r\n",
            "developCompany": "5",
            "buildDept": "福田公安分局",
            "flag": true,
            "ieFlag": false,
            "listOrder": 93,
            "isInstall": 1,
            "installDate": "2017-10-19 09:38:32",
            "appTypeName": "管理考核"
        },
        {
            "appId": 94,
            "appName": "特警支队主页",
            "appService": "TJZDWEB",
            "appTypeId": 5,
            "appUrl": "http://10.42.0.235:9000",
            "imgPath": "//upload//201705//1.png",
            "description": "特警支队主页为用户提供深圳市公安局特警支队的门户资讯信息，用户可分类浏览新闻列表并阅读详情。\t\t\t\t\t\r\n",
            "developCompany": "1",
            "buildDept": "视频警察支队",
            "flag": true,
            "ieFlag": false,
            "listOrder": 94,
            "isInstall": 1,
            "installDate": "2017-10-19 09:38:32",
            "appTypeName": "管理考核"
        },
        {
            "appId": 95,
            "appName": "反恐支队主页",
            "appService": "FKZDWEB",
            "appTypeId": 5,
            "appUrl": "http://10.42.0.235:9000",
            "imgPath": "//upload//201705//1.png",
            "description": "反恐支队主页为用户提供深圳市公安局反恐支队的门户资讯信息，用户可分类浏览新闻列表并阅读详情。\t\t\t\t\t\r\n",
            "developCompany": "1",
            "buildDept": "视频警察支队\t",
            "flag": true,
            "ieFlag": false,
            "listOrder": 95,
            "isInstall": 1,
            "installDate": "2017-10-19 09:38:32",
            "appTypeName": "管理考核"
        },
        {
            "appId": 96,
            "appName": "执法办案",
            "appService": "cn.com.hnisi.fj.ydzfba",
            "appTypeId": 5,
            "appUrl": "http://10.40.28.194:7203",
            "imgPath": "//upload//201705//1.png",
            "description": "警综系统案件文书授权审批。",
            "developCompany": "2",
            "buildDept": "视频警察支队",
            "flag": true,
            "ieFlag": false,
            "listOrder": 96,
            "isInstall": 1,
            "installDate": "2017-10-19 09:38:32",
            "appTypeName": "管理考核"
        },
        {
            "appId": 97,
            "appName": "公示投票",
            "appService": "TOOL_TOUPIAO",
            "appTypeId": 5,
            "appUrl": "http://10.42.0.235:9008/qapp/voteInterface/myVoteAll",
            "imgPath": "//upload//201705//1.png",
            "description": "     发起人对一项活动进行已投票的方式发起，然后发送到其他人手中来进行投票表决，投票模式可分为匿名和记名，记名模式还可与查看投票人员名单。",
            "developCompany": "1",
            "buildDept": "视频警察支队",
            "flag": true,
            "ieFlag": false,
            "listOrder": 97,
            "isInstall": 1,
            "installDate": "2017-10-19 09:38:32",
            "appTypeName": "管理考核"
        },
        {
            "appId": 98,
            "appName": "服务平台",
            "appService": "SYSTEM_MANAGER",
            "appTypeId": 5,
            "appUrl": "http://10.42.0.235:9000",
            "imgPath": "//upload//201705//1.png",
            "description": null,
            "developCompany": "1",
            "buildDept": "视频警察支队",
            "flag": true,
            "ieFlag": false,
            "listOrder": 98,
            "isInstall": 1,
            "installDate": "2017-10-19 09:38:32",
            "appTypeName": "管理考核"
        },
        {
            "appId": 99,
            "appName": "警务保障部主页",
            "appService": "HBCWEB",
            "appTypeId": 5,
            "appUrl": "http://10.42.0.235:9000",
            "imgPath": "//upload//201705//1.png",
            "description": "分类展示警务保障部的新闻。",
            "developCompany": "1",
            "buildDept": "警务保障部",
            "flag": true,
            "ieFlag": false,
            "listOrder": 99,
            "isInstall": 1,
            "installDate": "2017-10-19 09:38:32",
            "appTypeName": "管理考核"
        },
        {
            "appId": 100,
            "appName": "社区警务-数据地图",
            "appService": "SQJW-SJST",
            "appTypeId": 5,
            "appUrl": "http://10.42.123.73:8080/PublicMap/mapIndex",
            "imgPath": "//upload//201705//1.png",
            "description": "",
            "developCompany": "1",
            "buildDept": "",
            "flag": true,
            "ieFlag": false,
            "listOrder": 100,
            "isInstall": 1,
            "installDate": "2017-10-19 09:38:32",
            "appTypeName": "管理考核"
        }
    ]
}