[
  {
    "appTime": "2017-08-24 10:43:57",
    "canSign": 0,
    "category": "局长工作动态",
    "hitCount": 0,
    "id": 150074572,
    "imgUrl": "http://172.28.0.56:9000/new/supp/upload/notify/szgaweb/20170824104622385.jpg_800X534.jpg",
    "title": "市局举行应急机动队伍反恐处突综合实战练兵活动"
  },
  {
    "appTime": "2017-08-23 11:15:51",
    "canSign": 0,
    "category": "局长工作动态",
    "hitCount": 0,
    "id": 149820545,
    "imgUrl": "http://172.28.0.56:9000/new/supp/upload/notify/szgaweb/20170823112155109.JPG_800X533.jpg",
    "title": "市局举行何华胜同志荣获“全国公安系统二级英雄模范”荣誉称号追授仪式"
  },
  {
    "appTime": "2017-08-17 17:34:28",
    "canSign": 0,
    "category": "局长工作动态",
    "hitCount": 0,
    "id": 147901126,
    "imgUrl": "http://172.28.0.56:9000/new/supp/upload/notify/szgaweb/20170817173520136.jpg_800X533.jpg",
    "title": "徐文海同志会见香港保安局局长李家超一行"
  },
  {
    "appTime": "2017-08-15 18:15:37",
    "canSign": 0,
    "category": "局长工作动态",
    "hitCount": 0,
    "id": 147509886,
    "imgUrl": "http://172.28.0.56:9000/new/supp/upload/notify/szgaweb/20170815182005425.jpg_800X531.jpg",
    "title": "徐文海同志到龙岗爱联所调研指导工作"
  },
  {
    "appTime": "2017-08-14 16:26:27",
    "canSign": 0,
    "category": "局长工作动态",
    "hitCount": 0,
    "id": 147302777,
    "imgUrl": "http://172.28.0.56:9000/new/supp/upload/notify/szgaweb/20170814163135375.JPG_800X533.jpg",
    "title": "徐文海同志到沙井街道检查指导火灾隐患重点地区整治工作"
  }
]