{
  "code": 0,
  "data": [
    {
      "id": "1",
      "type":"0",
      "name": "吴警官",
      "title": "aaaaaaaa",
      "title2":"来文审批",
      "classSever": "链接",
      "dataValue": "1",
      "isDefault":0,
      "time":"2017-08-28  09:00",
      "color":"#4A87DB",
      "content":"盼望着，盼望着",
      "url":"https://www.baidu.com/"
    },
    {
      "id": "01",
      "type":"0",
      "name": "陈警官",
      "title": "ccccccccccccc",
      "title2":"来文审批",
      "classSever": "链接",
      "dataValue": "1",
      "isDefault":0,
      "time":"2017-08-28  09:00",
      "color":"#4A87DB",
      "content":"盼望着，盼望着",
      "url":"https://www.baidu.com/"
    },
    {
      "id": "1",
      "type":"1",
      "name": "吴警官",
      "title": "应用平台接口",
      "title2":"来文审批",
      "classSever": "文件",
      "dataValue": "1",
      "isDefault":0,
      "time":"2017-08-28  09:00",
      "color":"green",
      "content":"盼望着，盼望着",
      "img":"./images/file.JPG"

    },
    {
      "id": "1",
      "type":"3",
      "name": "吴警官",
      "title": "aaaaaaaa",
      "title2":"来文审批",
      "classSever": "图片",
      "dataValue": "1",
      "isDefault":0,
      "color":"#FB717E",
      "time":"2017-08-28  09:00",
      "content":"盼望着，盼望着",
      "img":"./images/contentbg.png"
    },
    {
      "id": "1",
      "type":"1",
      "name": "吴警官",
      "title": "出入证信息采集",
      "title2":"来文审批",
      "classSever": "文件",
      "dataValue": "1",
      "isDefault":0,
      "color":"#D1AD9B",
      "time":"2017-08-28  09:00",
      "content":"盼望着，盼望着",
      "img":"./images/file.JPG"
    },
    {
      "id": "1",
      "type":"2",
      "name": "吴警官",
      "title": "aaaaaaaa",
      "title2":"来文审批",
      "classSever": "QQ",
      "dataValue": "1",
      "isDefault":0,
      "color":"#4A87DB",
      "time":"2017-08-28  09:00",
      "content":"盼望着，盼望着",
      "img":"./images/png1.png"
    },
    {
      "id": "1",
      "type":"3",
      "name": "吴警官",
      "title": "aaaaaaaa",
      "title2":"来文审批",
      "classSever": "图片",
      "dataValue": "1",
      "isDefault":0,
      "color":"#C6AB77",
      "time":"2017-08-28  09:00",
      "content":"盼望着，盼望着",
      "img":"./images/contentbg.png"
    },
    {
      "id": "1",
      "type":"2",
      "name": "吴警官",
      "title": "微信1",
      "title2":"来文审批",
      "classSever": "微信",
      "dataValue": "1",
      "isDefault":0,
      "color":"#FB717E",
      "time":"2017-08-28  09:00",
      "content":"盼望着，盼望着",
      "img":"./images/png2.png"
    },
    {
      "id": "1",
      "type":"2",
      "name": "吴警官",
      "title": "微信",
      "title2":"来文审批",
      "classSever": "微博",
      "dataValue": "1",
      "isDefault":0,
      "color":"#FB717E",
      "time":"2017-08-28  09:00",
      "content":"盼望着，盼望着",
      "img":"./images/png2.png"
    },
    {
        "id": "1",
        "type":"2",
        "name": "吴警官",
        "title": "微信",
        "title2":"来文审批",
        "classSever": "微博",
        "dataValue": "1",
        "isDefault":0,
        "color":"#FB717E",
        "time":"2017-08-28  09:00",
        "content":"盼望着，盼望着",
        "img":"./images/png2.png"
    },
    {
      "id": "1",
      "type":"2",
      "name": "吴警官",
      "title": "微信dd",
      "title2":"来文审批",
      "classSever": "微博",
      "dataValue": "1",
      "isDefault":0,
      "color":"#FB717E",
      "time":"2017-08-28  09:00",
      "content":"盼望着，盼望着",
      "img":"./images/png2.png"
    },
    {
        "id": "1",
        "type":"2",
        "name": "吴警官",
        "title": "微33333333333信",
        "title2":"来文审批",
        "classSever": "微博",
        "dataValue": "1",
        "isDefault":0,
        "color":"#FB717E",
        "time":"2017-08-28  09:00",
        "content":"盼望着，盼望着",
        "img":"./images/png2.png"
      }
  ]
}
