{
  "code":0,
  "data": [
    {
      "ServiImg": "img/png1.png",
      "servClass": "公示投票"
    },
    {
      "ServiImg": "img/png2.png",
      "servClass": "公示投票"
    },
    {
      "ServiImg": "img/png3.png",
      "servClass": "公示投票"
    },
    {
      "ServiImg": "img/png4.png",
      "servClass": "公示投票"
    },
    {
      "ServiImg": "img/png5.png",
      "servClass": "公示投票"
    },
    {
      "ServiImg": "img/png1.png",
      "servClass": "公示投票"
    },
    {
      "ServiImg": "img/png1.png",
      "servClass": "公示投票"
    }
  ]

}