
{
"code": 0, 
"cmd": "/apptype/getAppsByTypeLevel ",
"data": [
              {
            "appTypeId": 1,
            "name": "个人桌面",
            "parentId": 1,
            "imgPath": "/upload/appService/201709/sy.png",
            "description": "",
            "listOrder": 1
        },
        {
            "appTypeId": 2,
            "name": "管理考核",
            "parentId": 1,
            "imgPath": "/upload/appService/201709/sy.png",
            "description": "",
            "listOrder": 2
        },
        {
            "appTypeId": 3,
            "name": "辅助办公",
            "parentId": 1,
            "imgPath": "/upload/appService/201709/fzbg.png",
            "description": "1",
            "listOrder": 3
        },
        {
            "appTypeId": 4,
            "name": "视频监控",
            "parentId": 1,
            "imgPath": "/upload/appService/201709/spjk.png",
            "description": "",
            "listOrder": 4
        },
        {
            "appTypeId": 5,
            "name": "信息查询",
            "parentId": 1,
            "imgPath": "/upload/appService/201709/xxcx.png",
            "description": "",
            "listOrder": 5
        },
        {
            "appTypeId": 6,
            "name": "工具辅助",
            "parentId": 1,
            "imgPath": "/upload/appService/201709/gjfz.png",
            "description": "",
            "listOrder": 6
        },
        {
            "appTypeId": 7,
            "name": "警队沟通",
            "parentId": 1,
            "imgPath": "/upload/appService/201709/jdgt.png",
            "description": "",
            "listOrder": 7
        },
        {
            "appTypeId": 8,
            "name": "教育学习",
            "parentId": 1,
            "imgPath": "/upload/appService/201709/jyxx.png",
            "description": "",
            "listOrder": 8
        },
        {
            "appTypeId": 9,
            "name": "网站资讯",
            "parentId": 1,
            "imgPath": "/upload/appService/201709/wzzx.png",
            "description": "",
            "listOrder": 9
        },
        {
            "appTypeId": 10,
            "name": "核查采集",
            "parentId": 1,
            "imgPath": "/upload/appService/201709/hccj.png",
            "description": "",
            "listOrder": 10
        },
        {
            "appTypeId": 11,
            "name": "预警管控",
            "parentId": 1,
            "imgPath": "/upload/appService/201709/yj.png",
            "description": "",
            "listOrder": 11
        },
        {
            "appTypeId": 12,
            "name": "视频会商",
            "parentId": 1,
            "imgPath": "/upload/appService/201709/sphs.png",
            "description": "",
            "listOrder": 12
        }
]
}