{
  "rows": [
    {
      "appTime": "2017-08-21 17:50:58",
      "canSign": 0,
      "category": "通知通告",
      "hitCount": 196,
      "id": 148733372,
      "imgUrl": "",
      "title": "内部情况通报(第123期)深圳市公安局本级2017年7月预算执行情况通报"
    },
    {
      "appTime": "2017-08-21 16:55:20",
      "canSign": 0,
      "category": "通知通告",
      "hitCount": 117,
      "id": 148691171,
      "imgUrl": "",
      "title": "消防监督管理支队：人事管理出实招 盘活警力提效能"
    },
    {
      "appTime": "2017-08-18 18:23:08",
      "canSign": 0,
      "category": "通知通告",
      "hitCount": 151,
      "id": 148237458,
      "imgUrl": "",
      "title": "盐田分局卜广生：心中有一双翅膀 哪里都是蓝天"
    },
    {
      "appTime": "2017-08-17 09:59:21",
      "canSign": 0,
      "category": "通知通告",
      "hitCount": 145,
      "id": 147769598,
      "imgUrl": "",
      "title": "老经侦冯越辉：用35年临摹职业印记"
    },
    {
      "appTime": "2017-08-15 15:45:08",
      "canSign": 0,
      "category": "通知通告",
      "hitCount": 159,
      "id": 147471207,
      "imgUrl": "",
      "title": "龙岗分局：师带徒倾心帮助 走稳从警第一步"
    },
    {
      "appTime": "2017-08-08 18:17:24",
      "canSign": 0,
      "category": "通知通告",
      "hitCount": 233,
      "id": 146226597,
      "imgUrl": "",
      "title": "第19届国际植物学大会组委会致我局的感谢信"
    },
    {
      "appTime": "2017-08-08 15:15:14",
      "canSign": 0,
      "category": "通知通告",
      "hitCount": 202,
      "id": 146182720,
      "imgUrl": "",
      "title": "谷云宏同志在全局政治工作推进会上的讲话"
    },
    {
      "appTime": "2017-08-04 15:31:42",
      "canSign": 0,
      "category": "通知通告",
      "hitCount": 231,
      "id": 145523569,
      "imgUrl": "",
      "title": "一堂别开生面的党课"
    },
    {
      "appTime": "2017-08-02 18:24:55",
      "canSign": 0,
      "category": "通知通告",
      "hitCount": 249,
      "id": 145083214,
      "imgUrl": "",
      "title": "老交警谭裕汉:只要还能站，就一定要在马路上"
    },
    {
      "appTime": "2017-07-28 17:30:01",
      "canSign": 0,
      "category": "通知通告",
      "hitCount": 263,
      "id": 144266192,
      "imgUrl": "",
      "title": "内部情况通报(第112期)2017年6月份基础信息数据质量专业稽查情况"
    }
  ],
  "total": 17
}