{
  "appEntityId": "108796",
  "appTime": "2017-08-29 17:49:36",
  "canSign": 0,
  "category": "局长工作动态",
  "content": "<p align=\"left\" class=\"MsoNormal\" style=\"text-align: left; line-height: 28pt; text-indent: 32pt; margin: 0cm 0cm 0pt; mso-pagination: widow-orphan; mso-char-indent-count: 2.0; mso-line-height-rule: exactly\">\r\n\t<st1:chsdate day=\"28\" islunardate=\"False\" isrocdate=\"False\" month=\"8\" w:st=\"on\" year=\"2017\"><span lang=\"EN-US\" style=\"font-family: 仿宋_GB2312; color: black; font-size: 16pt; mso-font-kerning: 0pt; mso-hansi-font-family: 宋体; mso-bidi-font-family: 宋体\">8</span><span style=\"font-family: 仿宋_GB2312; color: black; font-size: 16pt; mso-font-kerning: 0pt; mso-hansi-font-family: 宋体; mso-bidi-font-family: 宋体\">月<span lang=\"EN-US\">28</span>日</span></st1:chsdate><span style=\"font-family: 仿宋_GB2312; color: black; font-size: 16pt; mso-font-kerning: 0pt; mso-hansi-font-family: 宋体; mso-bidi-font-family: 宋体\">上午，市局组织召开第十三届全国运动会、金砖国家领导人第九次会晤期间外围安保工作部署会。省厅党委委员、副市长、市公安局局长徐文海，局领导苏振威、任亿、李龙文，内设机构和直属单位的主要领导在指挥中心大楼<span lang=\"EN-US\">616</span>会议室参加会议。各分局和基层所队相关领导在本单位通过电视电话会议系统收听收看会议。<span lang=\"EN-US\"><o:p></o:p></span></span></p>\r\n<p class=\"MsoNormal\" style=\"line-height: 28pt; text-indent: 32pt; margin: 0cm 0cm 0pt; mso-char-indent-count: 2.0; mso-line-height-rule: exactly\">\r\n\t<span style=\"font-family: 仿宋_GB2312; color: black; font-size: 16pt\">徐文海指</span><span style=\"font-family: 仿宋_GB2312; color: black; font-size: 16pt; mso-font-kerning: 0pt; mso-hansi-font-family: 宋体; mso-bidi-font-family: 宋体\">出，当前，涉恐、群体性不稳定因素、公共安全等影响安保工作的风险隐患突出，治安基础管控、刑事打击仍存在薄弱环节。要认真贯彻&ldquo;对党忠诚、服务人民、执法公正、纪律严明&rdquo;的总要求，按照公安部、省厅的工作部署，切实提高政治站位，进一步增强做好安保工作的使命感和紧迫感，围绕&ldquo;防控风险、服务大局&rdquo;中心任务，加大风险排查预警、源头防控和应急处置力度，切实做好应对一切重大挑战、抵御一切重大风险，克服一切重大阻力、解决一切重大矛盾的充分准备。<span lang=\"EN-US\"><o:p></o:p></span></span></p>\r\n<p class=\"MsoNormal\" style=\"line-height: 28pt; text-indent: 32pt; margin: 0cm 0cm 0pt; mso-char-indent-count: 2.0; mso-line-height-rule: exactly\">\r\n\t<span style=\"font-family: 仿宋_GB2312; color: black; font-size: 16pt\">徐文海要求，全市各级公安机关和各部门、警种从即日起全面进入战时状态，启动三级勤务，严密防范控制，切实加强情报搜集研判、重点对象管控、反恐防范处置、矛盾纠纷排查化解、社会面整体防控和公共安全管理等工作。全警尤其是各级领导干部，必须进一步提高思想认识，以敢于担当、扎实过硬的作风，狠抓各项工作措施落实，为峰会和十三届全运会召开创造平安稳定社会环境。<span lang=\"EN-US\"><o:p></o:p></span></span></p>\r\n<p class=\"MsoNormal\" style=\"line-height: 28pt; text-indent: 32pt; margin: 0cm 0cm 0pt; mso-char-indent-count: 2.0; mso-line-height-rule: exactly\">\r\n\t<span style=\"font-family: 仿宋_GB2312; color: black; font-size: 16pt\">徐文海强调，十九大安保维稳工作已进入攻坚阶段，警队要查漏补缺，统筹兼顾，在做好两个专项安保工作的同时，进一步提升飓风行动质量，持续净化社会治安环境；要做好重点人员管控、重点区域整治、文明城市创建、防灾救灾等工作，提升治安防控和安全治理水平；要进一步加强队伍教育管理，严格规范执法，及时组织战地表彰，加大保障力度，创造良好工作环境，坚决实现公安部&ldquo;三个不发生&rdquo;、省委&ldquo;四个不发生&rdquo;和市局党委&ldquo;<span lang=\"EN-US\">4+1</span>&rdquo;的工作目标，以优异成绩迎接党的十九大胜利召开。</span></p>\r\n<p class=\"MsoNormal\" style=\"line-height: 28pt; text-indent: 32pt; margin: 0cm 0cm 0pt; mso-char-indent-count: 2.0; mso-line-height-rule: exactly\">\r\n\t&nbsp;</p>\r\n<p class=\"MsoNormal\" style=\"text-align: center; line-height: 28pt; text-indent: 32pt; margin: 0cm 0cm 0pt; mso-char-indent-count: 2.0; mso-line-height-rule: exactly\">\r\n\t<span style=\"font-family: 仿宋_GB2312; color: black; font-size: 16pt\"><span lang=\"EN-US\"><img alt=\"\" src=\"/UploadFiles/images/2016/20170829175515005.JPG\" style=\"width: 800px; height: 533px\" /></span></span></p>\r\n<p class=\"MsoNormal\" style=\"line-height: 28pt; text-indent: 32pt; margin: 0cm 0cm 0pt; mso-char-indent-count: 2.0; mso-line-height-rule: exactly\">\r\n\t&nbsp;</p>\r\n<p class=\"MsoNormal\" style=\"text-align: center; line-height: 28pt; text-indent: 32pt; margin: 0cm 0cm 0pt; mso-char-indent-count: 2.0; mso-line-height-rule: exactly\">\r\n\t<span style=\"font-family: 仿宋_GB2312; color: black; font-size: 16pt\"><span lang=\"EN-US\"><img alt=\"\" src=\"/UploadFiles/images/2016/20170829175542351.JPG\" style=\"width: 800px; height: 533px\" /></span></span></p>\r\n<p class=\"MsoNormal\" style=\"line-height: 28pt; text-indent: 32pt; margin: 0cm 0cm 0pt; mso-char-indent-count: 2.0; mso-line-height-rule: exactly\">\r\n\t&nbsp;</p>\r\n<p class=\"MsoNormal\" style=\"text-align: center; line-height: 28pt; text-indent: 32pt; margin: 0cm 0cm 0pt; mso-char-indent-count: 2.0; mso-line-height-rule: exactly\">\r\n\t<span style=\"font-family: 仿宋_GB2312; color: black; font-size: 16pt\"><span lang=\"EN-US\"><img alt=\"\" src=\"/UploadFiles/images/2016/20170829175600447.JPG\" style=\"width: 800px; height: 533px\" /></span></span></p>\r\n<p class=\"MsoNormal\" style=\"line-height: 28pt; text-indent: 32pt; margin: 0cm 0cm 0pt; mso-char-indent-count: 2.0; mso-line-height-rule: exactly\">\r\n\t&nbsp;</p>\r\n",
  "createTime": "2017-08-29 17:56:51",
  "hitCount": 283,
  "id": 151713407,
  "imgUrl": "/new/supp/upload/notify/szgaweb/20170829175515005.JPG_800X533.jpg",
  "isDeleted": 0,
  "isImgNews": 1,
  "isSync": 0,
  "lastUpdateTime": "2017-08-29 17:56:51",
  "mobileContent": "<p style=\"text-indent: 32pt;\">8月28日上午，市局组织召开第十三届全国运动会、金砖国家领导人第九次会晤期间外围安保工作部署会。省厅党委委员、副市长、市公安局局长徐文海，局领导苏振威、任亿、李龙文，内设机构和直属单位的主要领导在指挥中心大楼616会议室参加会议。各分局和基层所队相关领导在本单位通过电视电话会议系统收听收看会议。</p><p style=\"text-indent: 32pt;\">徐文海指出，当前，涉恐、群体性不稳定因素、公共安全等影响安保工作的风险隐患突出，治安基础管控、刑事打击仍存在薄弱环节。要认真贯彻&ldquo;对党忠诚、服务人民、执法公正、纪律严明&rdquo;的总要求，按照公安部、省厅的工作部署，切实提高政治站位，进一步增强做好安保工作的使命感和紧迫感，围绕&ldquo;防控风险、服务大局&rdquo;中心任务，加大风险排查预警、源头防控和应急处置力度，切实做好应对一切重大挑战、抵御一切重大风险，克服一切重大阻力、解决一切重大矛盾的充分准备。</p><p style=\"text-indent: 32pt;\">徐文海要求，全市各级公安机关和各部门、警种从即日起全面进入战时状态，启动三级勤务，严密防范控制，切实加强情报搜集研判、重点对象管控、反恐防范处置、矛盾纠纷排查化解、社会面整体防控和公共安全管理等工作。全警尤其是各级领导干部，必须进一步提高思想认识，以敢于担当、扎实过硬的作风，狠抓各项工作措施落实，为峰会和十三届全运会召开创造平安稳定社会环境。</p><p style=\"text-indent: 32pt;\">徐文海强调，十九大安保维稳工作已进入攻坚阶段，警队要查漏补缺，统筹兼顾，在做好两个专项安保工作的同时，进一步提升飓风行动质量，持续净化社会治安环境；要做好重点人员管控、重点区域整治、文明城市创建、防灾救灾等工作，提升治安防控和安全治理水平；要进一步加强队伍教育管理，严格规范执法，及时组织战地表彰，加大保障力度，创造良好工作环境，坚决实现公安部&ldquo;三个不发生&rdquo;、省委&ldquo;四个不发生&rdquo;和市局党委&ldquo;4+1&rdquo;的工作目标，以优异成绩迎接党的十九大胜利召开。</p><p style=\"text-align:center;\"><img alt=\"\" src=\"SZGAWEB/new/supp/upload/notify/szgaweb/20170829175515005.JPG_800X533.jpg\"  /></p><p style=\"text-align:center;\"><img alt=\"\" src=\"SZGAWEB/new/supp/upload/notify/szgaweb/20170829175542351.JPG_800X533.jpg\"  /></p><p style=\"text-align:center;\"><img alt=\"\" src=\"SZGAWEB/new/supp/upload/notify/szgaweb/20170829175600447.JPG_800X533.jpg\"  /></p>",
  "serverUrl": "http://10.42.0.198",
  "serviceServer": "SZGAWEB",
  "title": "市局召开第十三届全国运动会、金砖国家领导人第九次会晤期间外围安保工作部署会"
}