{
  "code": 0,
  "cmd": "/backlog/queryDataList",
  "data": {
    "total": 13,
    "pageNum": 1,
    "pageCount": 2,
    "pageSize": 10,
    "result": [
      {
        "dept_name": "01",
        "createTime": "05-08",
        "title": "HUDANDA12234325",
        "url": "www.baidu.com"
      },
      {
        "dept_name": "02",
        "createTime": "05-08",
        "title": "哈哈几级1456456546",
        "url": "www.baidu.com"
      },
      {
        "dept_name": "03",
        "createTime": "05-08",
        "title": "嘎嘎嘎yuoy",
        "url": "www.baidu.com"
      },
      {
        "dept_name": "04",
        "createTime": "05-08",
        "title": "探讨与ytuiyu",
        "url": "www.baidu.com"
      },
      {
        "dept_name": "05",
        "createTime": "05-08",
        "title": "更换即可1hjkjh",
        "url": "www.baidu.com"
      },
      {
        "dept_name": "06",
        "createTime": "05-08",
        "title": "发过火健健康康i1zxc",
        "url": "www.baidu.com"
      },
      {
        "dept_name": "07",
        "createTime": "05-08",
        "title": "嘎嘎112342",
        "url": "www.baidu.com"
      },
      {
        "dept_name": "08",
        "createTime": "05-08",
        "title": "噼噼啪啪12",
        "url": "www.baidu.com"
      },
      {
        "dept_name": "09",
        "createTime": "05-08",
        "title": "天天英语UIu1",
        "url": "www.baidu.com"
      },
      {
        "dept_name": "10",
        "createTime": "05-08",
        "title": "发过火健健康康i1zxc",
        "url": "www.baidu.com"
      }
    ]
  }
}