{
  "code": 0,
  "data": [
    {
      "id": "13",
      "title": "微信",
      "dataValue": "3600",
      "color":"#FB717E",
      "appClass":"辅助办公",
      "url":"./images/png2.png"
    },
    {
      "id": "121",
      "title": "微信",
      "dataValue": "3600",
      "color":"#FB717E",
      "appClass":"辅助办公",
      "url":"./images/png2.png"
    },
    {
      "id": "120",
      "title": "微信",
      "dataValue": "3600",
      "color":"#FB717E",
      "appClass":"辅助办公",
      "url":"./images/png2.png"
    },
    {
      "id": "12",
      "title": "微信",
      "dataValue": "3600",
      "color":"#FB717E",
      "appClass":"辅助办公",
      "url":"./images/png2.png"
    },
    {
      "id": "100",
      "title": "微信",
      "dataValue": "3600",
      "color":"#FB717E",
      "appClass":"辅助办公",
      "url":"./images/png2.png"
    },
    {
      "id": "10",
      "title": "微信",
      "dataValue": "3600",
      "color":"#FB717E",
      "appClass":"辅助办公",
      "url":"./images/png2.png"
    },
    {
      "id": "111",
      "title": "微信",
      "dataValue": "3600",
      "color":"#FB717E",
      "appClass":"辅助办公",
      "url":"./images/png2.png"
    },
    {
      "id": "11",
      "title": "微信",
      "dataValue": "3600",
      "color":"#FB717E",
      "appClass":"辅助办公",
      "url":"./images/png2.png"
    },
    {
      "id": "1",
      "title": "微信",
      "dataValue": "3600",
      "color":"#FB717E",
      "appClass":"辅助办公",
      "url":"./images/png2.png"
    },
    {
        "id": "111",
        "title": "微信",
        "dataValue": "3600",
        "color":"#FB717E",
        "appClass":"辅助办公",
        "url":"./images/png2.png"
      },
      {
        "id": "11",
        "title": "微信",
        "dataValue": "3600",
        "color":"#FB717E",
        "appClass":"辅助办公",
        "url":"./images/png2.png"
      },
      {
        "id": "1",
        "title": "微信-------------ghb,k",
        "dataValue": "3600",
        "color":"#FB717E",
        "appClass":"辅助办公",
        "url":"./images/png2.png"
      }
  ]
}
