{
  "code":0,
  "rows":13,
  "page":1,
  "data": [
       {
        "title": "无数可复用的组件，包括字体图标、下拉菜单",
        "modole": "警务云终端",
        "userName": "张某某",
        "creTime": "2017-08-03"
      },
     {
        "title": "无数可复用的组件，包括字体图标、下拉菜单",
        "modole": "警务云终端",
        "userName": "张某某",
        "creTime": "2017-08-03"
      },
      {
        "title": "无数可复用的组件，包括字体图标、下拉菜单",
        "modole": "警务云终端",
        "userName": "张某某",
        "creTime": "2017-08-03"
      },
       {
        "title": "无数可复用的组件，包括字体图标、下拉菜单",
        "modole": "警务云终端",
        "userName": "张某某",
        "creTime": "2017-08-03"
      },
      {
        "title": "无数可复用的组件，包括字体图标、下拉菜单",
        "modole": "警务云终端",
        "userName": "张某某",
        "creTime": "2017-08-03"
      },
      {
        "title": "无数可复用的组件，包括字体图标、下拉菜单",
        "modole": "警务云终端",
        "userName": "张某某",
        "creTime": "2017-08-03"
      },
       {
        "title": "无数可复用的组件，包括字体图标、下拉菜单",
        "modole": "警务云终端",
        "userName": "张某某",
        "creTime": "2017-08-03"
      },
      {
        "title": "无数可复用的组件，包括字体图标、下拉菜单",
        "modole": "警务云终端",
        "userName": "张某某",
        "creTime": "2017-08-03"
      },
    {
      "title": "无数可复用的组件，包括字体图标、下拉菜单",
      "modole": "警务云终端",
      "userName": "张某某",
      "creTime": "2017-08-03"
    },
    {
      "title": "无数可复用的组件，包括字体图标、下拉菜单",
      "modole": "警务云终端",
      "userName": "张某某",
      "creTime": "2017-08-03"
    },
    {
      "title": "无数可复用的组件，包括字体图标、下拉菜单",
      "modole": "警务云终端",
      "userName": "张某某",
      "creTime": "2017-08-03"
    },
    {
      "title": "无数可复用的组件，包括字体图标、下拉菜单",
      "modole": "警务云终端",
      "userName": "张某某",
      "creTime": "2017-08-03"
    },
    {
      "title": "无数可复用的组件，包括字体图标、下拉菜单",
      "modole": "警务云终端",
      "userName": "张某某",
      "creTime": "2017-08-03"
    }

  ]
}