{
    "msg": "操作成功",
    "obj": {
        "replyList": [
            {
                "createCode": "jiaowei",
                "createEmpName": "焦伟",
                "createTime": "2017-11-15 17:20:56",
                "logType": 1,
                "qAppLog": {
                    "createCode": "jiaowei",
                    "createEmpName": "焦伟",
                    "createTime": "2017-11-15 17:20:56",
                    "description": " 焦伟 修改了传阅人，原传阅人[]，现传阅人[王忻欤,黎秋群]",
                    "entityId": 62694139,
                    "id": 1659,
                    "tableName": "Q_APP_LEADER_TASK"
                }
            },
            {
                "createCode": "jiaowei",
                "createEmpName": "焦伟",
                "createTime": "2017-11-15 17:21:23",
                "logType": 1,
                "qAppLog": {
                    "createCode": "jiaowei",
                    "createEmpName": "焦伟",
                    "createTime": "2017-11-15 17:21:23",
                    "description": " 焦伟 修改了传阅人，原传阅人[]，现传阅人[王忻欤,黎秋群]",
                    "entityId": 62694139,
                    "id": 1660,
                    "tableName": "Q_APP_LEADER_TASK"
                }
            },
            {
                "createCode": "jiaowei",
                "createEmpName": "焦伟",
                "createTime": "2017-11-15 17:23:43",
                "logType": 1,
                "qAppLog": {
                    "createCode": "jiaowei",
                    "createEmpName": "焦伟",
                    "createTime": "2017-11-15 17:23:43",
                    "description": " 焦伟 修改了传阅人，原传阅人[]，现传阅人[王忻欤,黎秋群]",
                    "entityId": 62694139,
                    "id": 1661,
                    "tableName": "Q_APP_LEADER_TASK"
                }
            },
            {
                "createCode": "jiaowei",
                "createEmpName": "焦伟",
                "createTime": "2017-11-15 17:24:14",
                "logType": 1,
                "qAppLog": {
                    "createCode": "jiaowei",
                    "createEmpName": "焦伟",
                    "createTime": "2017-11-15 17:24:14",
                    "description": " 焦伟 修改了传阅人，原传阅人[]，现传阅人[王忻欤,黎秋群]",
                    "entityId": 62694139,
                    "id": 1662,
                    "tableName": "Q_APP_LEADER_TASK"
                }
            }
        ],
        "entity": {
            "appName": "应用市场-任务管理",
            "appService": "OA_TASK_MANAGER",
            "attachments": [],
            "averageScore": 0,
            "circulateStr": "[{\"circulateUserCode\":\"wangxinyu\",\"circulateUserName\":\"王忻欤\",\"circulateUserUuid\":\"2acea6f9-e320-11e4-9819-d00dc0093552\"},{\"circulateUserCode\":\"liqiuqun\",\"circulateUserName\":\"黎秋群\",\"circulateUserUuid\":\"e5ea3a48-2979-11e6-aa6b-d00d548b310b\"}]",
            "circulateUserCode": "wangxinyu,liqiuqun",
            "circulateUserName": "王忻欤,黎秋群",
            "circulateUserUuid": "2acea6f9-e320-11e4-9819-d00dc0093552,e5ea3a48-2979-11e6-aa6b-d00d548b310b",
            "createTime": "2017-11-15 17:20:52",
            "endDate": "2017-11-15 00:00:00",
            "endDateStr": "2017-11-15 00:00:00",
            "expired": 1,
            "id": 62694139,
            "isPush": 0,
            "partakeStr": "[{\"partakeUserCode\":\"dmr\",\"partakeUserName\":\"邓明日\",\"partakeUserUuid\":\"3caf2cf4-25f0-4dc8-8a8c-09bf4cc61644\"},{\"partakeUserCode\":\"caojian\",\"partakeUserName\":\"曹健\",\"partakeUserUuid\":\"e283345e-4967-11e6-b421-d00d548b310b\"}]",
            "partakeUserCode": "dmr,caojian",
            "partakeUserName": "邓明日,曹健",
            "partakeUserUuid": "3caf2cf4-25f0-4dc8-8a8c-09bf4cc61644,e283345e-4967-11e6-b421-d00d548b310b",
            "receiveUserCode": ",lxt,pfq,",
            "receiveUserName": ",骆协廷,彭方启,",
            "receiveUserUuid": "4f0d38cd-44f1-11e6-b421-d00d548b310b,8b5403a0-873a-4cf2-bf82-962c68bf69e8",
            "replyNum": 0,
            "score": 10,
            "stationCode": "440300120000",
            "stationName": "视频警察支队",
            "status": 0,
            "taskLevel": 0,
            "title": "测试20171115-00002",
            "totalScore": 0,
            "userCode": "jiaowei",
            "userName": "焦伟"
        },
        "optionList": []
    },
    "success": true
}