{
    "msg": "操作成功",
    "obj": [
        {
            "appName": "应用市场-任务管理",
            "appService": "OA_TASK_MANAGER",
            "averageScore": 0,
            "circulateUserCode": ",wangxinyu,liqiuqun,",
            "circulateUserName": ",王忻欤,黎秋群,",
            "circulateUserUuid": "2acea6f9-e320-11e4-9819-d00dc0093552,e5ea3a48-2979-11e6-aa6b-d00d548b310b",
            "createTime": "2017-11-15 17:20:52",
            "endDate": "2017-11-15 00:00:00",
            "expired": 0,
            "id": 62694139,
            "isPush": 0,
            "partakeType": 1,
            "partakeUserCode": ",dmr,caojian,",
            "partakeUserName": ",邓明日,曹健,",
            "partakeUserUuid": "3caf2cf4-25f0-4dc8-8a8c-09bf4cc61644,e283345e-4967-11e6-b421-d00d548b310b",
            "receiveUserCode": ",lxt,pfq,",
            "receiveUserName": ",骆协廷,彭方启,",
            "receiveUserUuid": "4f0d38cd-44f1-11e6-b421-d00d548b310b,8b5403a0-873a-4cf2-bf82-962c68bf69e8",
            "replyNum": 0,
            "score": 10,
            "stationCode": "440300120000",
            "stationName": "视频警察支队",
            "status": 0,
            "taskLevel": 0,
            "title": "测试20171115-00002",
            "totalScore": 0,
            "userCode": "jiaowei",
            "userName": "焦伟"
        },
        {
            "appName": "应用市场-任务管理",
            "appService": "OA_TASK_MANAGER",
            "averageScore": 0,
            "circulateUserCode": ",dmr,caojian,",
            "circulateUserName": ",邓明日,曹健,",
            "circulateUserUuid": "3caf2cf4-25f0-4dc8-8a8c-09bf4cc61644,e283345e-4967-11e6-b421-d00d548b310b",
            "createTime": "2017-11-15 16:07:49",
            "description": "ccc",
            "endDate": "2017-11-15 00:00:00",
            "expired": 0,
            "id": 62692026,
            "isPush": 0,
            "partakeType": 1,
            "partakeUserCode": ",ljl,wangxinyu,",
            "partakeUserName": ",李江琳,王忻欤,",
            "partakeUserUuid": "1587cdfe-74d7-11e6-b421-d00d548b310b,e5ea3a48-2979-11e6-aa6b-d00d548b310b",
            "receiveUserCode": ",lxt,pfq,",
            "receiveUserName": ",骆协廷,彭方启,",
            "receiveUserUuid": "4f0d38cd-44f1-11e6-b421-d00d548b310b,8b5403a0-873a-4cf2-bf82-962c68bf69e8",
            "replyNum": 0,
            "score": 10,
            "stationCode": "440300120000",
            "stationName": "视频警察支队",
            "status": 0,
            "taskLevel": 0,
            "title": "测试20171115-00001",
            "totalScore": 0,
            "userCode": "jiaowei",
            "userName": "焦伟"
        },
        {
            "appName": "应用市场-任务管理",
            "appService": "OA_TASK_MANAGER",
            "averageScore": 0,
            "circulateUserCode": " ",
            "circulateUserName": " ",
            "createTime": "2017-11-13 10:50:24",
            "description": "任务描述",
            "endDate": "2017-11-13 00:00:00",
            "expired": 0,
            "id": 62691311,
            "isPush": 0,
            "partakeType": 1,
            "partakeUserCode": " ",
            "partakeUserName": " ",
            "receiveUserCode": ",lxt,",
            "receiveUserName": ",骆协廷,",
            "receiveUserUuid": "4f0d38cd-44f1-11e6-b421-d00d548b310b",
            "replyNum": 0,
            "score": 45,
            "stationCode": "440300120000",
            "stationName": "视频警察支队",
            "status": 0,
            "taskLevel": 0,
            "title": "zw_1113001 ",
            "totalScore": 0,
            "userCode": "jiaowei",
            "userName": "焦伟"
        },
        {
            "appName": "应用市场-任务管理",
            "appService": "OA_TASK_MANAGER",
            "averageScore": 0,
            "circulateUserCode": " ",
            "circulateUserName": " ",
            "createTime": "2017-11-13 10:12:54",
            "description": "任务描述",
            "endDate": "2017-11-10 00:00:00",
            "expired": 0,
            "id": 62691309,
            "isPush": 0,
            "partakeType": 1,
            "partakeUserCode": " ",
            "partakeUserName": " ",
            "receiveUserCode": ",lxt,",
            "receiveUserName": ",骆协廷,",
            "receiveUserUuid": "4f0d38cd-44f1-11e6-b421-d00d548b310b",
            "replyNum": 0,
            "score": 45,
            "stationCode": "440300120000",
            "stationName": "视频警察支队",
            "status": 0,
            "taskLevel": 0,
            "title": "标题,jw00002",
            "totalScore": 0,
            "userCode": "jiaowei",
            "userName": "焦伟"
        },
        {
            "appName": "应用市场-任务管理",
            "appService": "OA_TASK_MANAGER",
            "averageScore": 0,
            "circulateUserCode": ",liqiuqun,",
            "circulateUserName": ",黎秋群,",
            "circulateUserUuid": "2acea6f9-e320-11e4-9819-d00dc0093552",
            "createTime": "2017-11-10 14:33:33",
            "description": "好的好的好好的小姐继续继续",
            "endDate": "2017-11-10 00:00:00",
            "expired": 0,
            "id": 62691030,
            "isPush": 0,
            "partakeType": 1,
            "partakeUserCode": ",dmr,yanfumin,",
            "partakeUserName": ",邓明日,严富民,",
            "partakeUserUuid": "e283345e-4967-11e6-b421-d00d548b310b",
            "receiveUserCode": ",lxt,pfq,",
            "receiveUserName": ",骆协廷,彭方启,",
            "receiveUserUuid": "4f0d38cd-44f1-11e6-b421-d00d548b310b,2b5d4f93-74d7-11e6-b421-d00d548b310b",
            "replyNum": 0,
            "score": 45,
            "stationCode": "440300120000",
            "stationName": "视频警察支队",
            "status": 0,
            "taskLevel": 0,
            "title": "jw0002",
            "totalScore": 0,
            "userCode": "jiaowei",
            "userName": "焦伟"
        },
        {
            "appName": "应用市场-任务管理",
            "appService": "OA_TASK_MANAGER",
            "averageScore": 0,
            "circulateUserCode": ",liqiuqun,pfq,",
            "circulateUserName": ",黎秋群,彭方启,",
            "circulateUserUuid": "2acea6f9-e320-11e4-9819-d00dc0093552,8b5403a0-873a-4cf2-bf82-962c68bf69e8",
            "createTime": "2017-11-10 09:45:20",
            "description": "好的好的好好的",
            "endDate": "2017-11-10 00:00:00",
            "expired": 0,
            "id": 62690992,
            "isPush": 0,
            "partakeType": 1,
            "partakeUserCode": ",dmr,yanfumin,",
            "partakeUserName": ",邓明日,严富民,",
            "partakeUserUuid": "e283345e-4967-11e6-b421-d00d548b310b",
            "receiveUserCode": ",lxt,pfq,",
            "receiveUserName": ",骆协廷,彭方启,",
            "receiveUserUuid": "4f0d38cd-44f1-11e6-b421-d00d548b310b,2b5d4f93-74d7-11e6-b421-d00d548b310b",
            "replyNum": 0,
            "score": 50,
            "stationCode": "440300120000",
            "stationName": "视频警察支队",
            "status": 0,
            "taskLevel": 0,
            "title": "jw0002",
            "totalScore": 0,
            "userCode": "jiaowei",
            "userName": "焦伟"
        },
        {
            "appName": "应用市场-任务管理",
            "appService": "OA_TASK_MANAGER",
            "averageScore": 0,
            "circulateUserCode": " ",
            "circulateUserName": " ",
            "createTime": "2017-10-27 16:36:16",
            "description": "123456",
            "endDate": "2017-10-31 00:00:00",
            "expired": 0,
            "id": 62689526,
            "isPush": 0,
            "partakeType": 1,
            "partakeUserCode": ",pfq,caojian,",
            "partakeUserName": ",彭方启,曹健,",
            "partakeUserUuid": "3caf2cf4-25f0-4dc8-8a8c-09bf4cc61644,8b5403a0-873a-4cf2-bf82-962c68bf69e8",
            "receiveUserCode": "lxt",
            "receiveUserName": "骆协廷",
            "replyNum": 0,
            "score": 10,
            "scoreTime": "2017-10-26 00:00:00",
            "stationCode": "440300120000",
            "stationName": "视频警察支队",
            "status": 0,
            "taskLevel": 0,
            "taskScore": 100,
            "title": "123456",
            "totalScore": 10,
            "userCode": "jiaowei",
            "userName": "焦伟"
        },
        {
            "appName": "应用市场-任务管理",
            "appService": "SZGAOA",
            "averageScore": 10,
            "circulateUserCode": " ",
            "circulateUserName": " ",
            "createTime": "2017-10-23 19:47:40",
            "description": "测试任务管理",
            "endDate": "2017-10-23 12:00:00",
            "expired": 0,
            "id": 62663828,
            "isPush": 0,
            "partakeType": 1,
            "partakeUserCode": ",lxt,ljl,053316,",
            "partakeUserName": ",骆协廷,李江琳,余廉,",
            "receiveUserCode": "061670",
            "receiveUserName": "何亮",
            "replyNum": 0,
            "score": 10,
            "stationCode": "440300120000",
            "stationName": "视频警察支队",
            "status": 9,
            "taskLevel": 0,
            "taskScore": 100,
            "title": "测试1023",
            "totalScore": 10,
            "userCode": "jiaowei",
            "userName": "焦伟"
        },
        {
            "appName": "应用市场-任务管理",
            "appService": "OA_TASK_MANAGER",
            "averageScore": 0,
            "circulateUserCode": ",wangxinyu,",
            "circulateUserName": ",王忻欤,",
            "circulateUserUuid": "e5ea3a48-2979-11e6-aa6b-d00d548b310b",
            "createTime": "2017-10-19 16:32:44",
            "endDate": "2017-10-26 00:00:00",
            "expired": 0,
            "id": 62662862,
            "isPush": 0,
            "partakeType": 1,
            "partakeUserCode": ",pfq,",
            "partakeUserName": ",彭方启,",
            "partakeUserUuid": "8b5403a0-873a-4cf2-bf82-962c68bf69e8",
            "receiveUserCode": "lxt",
            "receiveUserName": "骆协廷",
            "replyNum": 0,
            "score": 10,
            "stationCode": "440300120000",
            "stationName": "视频警察支队",
            "status": 0,
            "taskLevel": 0,
            "title": "etres",
            "totalScore": 0,
            "userCode": "jiaowei",
            "userName": "焦伟"
        },
        {
            "appName": "应用市场-综合办公",
            "appService": "SZGAOA",
            "appUrl": "modules/szgaoa/oafwsp.html",
            "averageScore": 0,
            "circulateUserCode": " ",
            "circulateUserName": " ",
            "createTime": "2017-05-03 11:32:50",
            "description": "呵呵呵呵",
            "endDate": "2017-05-03 12:00:00",
            "entityId": "150788266121960163",
            "expired": 0,
            "id": 61989125,
            "isPush": 0,
            "partakeType": 1,
            "partakeUserCode": " ",
            "partakeUserName": " ",
            "receiveUserCode": "quanxusheng",
            "receiveUserName": " ",
            "replyNum": 0,
            "score": 5,
            "stationCode": "440300120000",
            "stationName": "视频警察支队",
            "status": 0,
            "taskLevel": 0,
            "title": "呵呵呵呵",
            "totalScore": 0,
            "userCode": "jiaowei",
            "userName": "焦伟"
        },
        {
            "appName": "应用市场-任务管理",
            "appService": "OA_TASK_MANAGER",
            "averageScore": 0,
            "circulateUserCode": " ",
            "circulateUserName": " ",
            "createTime": "2017-05-03 10:51:30",
            "description": "测试数据哈哈哈哈哈",
            "endDate": "2017-05-03 12:00:00",
            "expired": 0,
            "id": 61989114,
            "isPush": 0,
            "partakeType": 1,
            "partakeUserCode": ",dmr,",
            "partakeUserName": ",邓明日,",
            "partakeUserUuid": "e283345e-4967-11e6-b421-d00d548b310b",
            "receiveUserCode": "liqiuqun",
            "receiveUserName": "黎秋群",
            "replyNum": 0,
            "score": 10,
            "stationCode": "440300120000",
            "stationName": "视频警察支队",
            "status": 9,
            "taskLevel": 1,
            "taskScore": 0,
            "title": "测试任务管理20170503给黎",
            "totalScore": 0,
            "userCode": "jiaowei",
            "userName": "焦伟"
        },
        {
            "appName": "应用市场-任务管理",
            "appService": "OA_TASK_MANAGER",
            "averageScore": 2.4,
            "circulateUserCode": " ",
            "circulateUserName": " ",
            "createTime": "2017-05-03 10:18:04",
            "endDate": "2017-05-03 12:00:00",
            "expired": 0,
            "id": 61989105,
            "isPush": 0,
            "partakeType": 1,
            "partakeUserCode": ",ljl,",
            "partakeUserName": ",李江琳,",
            "partakeUserUuid": "1587cdfe-74d7-11e6-b421-d00d548b310b",
            "receiveUserCode": "quanxusheng",
            "receiveUserName": " ",
            "replyNum": 1,
            "score": 6,
            "stationCode": "440300120000",
            "stationName": "视频警察支队",
            "status": 9,
            "taskLevel": 0,
            "taskScore": 80,
            "title": "测试0503001",
            "totalScore": 4.8,
            "userCode": "jiaowei",
            "userName": "焦伟"
        },
        {
            "appName": "应用市场-任务管理",
            "appService": "OA_TASK_MANAGER",
            "averageScore": 5,
            "circulateUserCode": " ",
            "circulateUserName": " ",
            "createTime": "2017-05-02 17:46:10",
            "endDate": "2017-05-02 12:00:00",
            "expired": 0,
            "id": 61989096,
            "isPush": 0,
            "partakeType": 1,
            "partakeUserCode": " ",
            "partakeUserName": " ",
            "receiveUserCode": "quanxusheng",
            "receiveUserName": " ",
            "replyNum": 0,
            "score": 5,
            "stationCode": "440300120000",
            "stationName": "视频警察支队",
            "status": 9,
            "taskLevel": 0,
            "taskScore": 100,
            "title": "测试050002",
            "totalScore": 5,
            "userCode": "jiaowei",
            "userName": "焦伟"
        },
        {
            "appName": "应用市场-任务管理",
            "appService": "OA_TASK_MANAGER",
            "averageScore": 4,
            "circulateUserCode": " ",
            "circulateUserName": " ",
            "createTime": "2017-05-02 17:33:20",
            "description": "擦擦\n",
            "endDate": "2017-05-02 12:00:00",
            "expired": 0,
            "id": 61989091,
            "isPush": 0,
            "partakeType": 1,
            "partakeUserCode": " ",
            "partakeUserName": " ",
            "receiveUserCode": "quanxusheng",
            "receiveUserName": " ",
            "replyNum": 0,
            "score": 5,
            "stationCode": "440300120000",
            "stationName": "视频警察支队",
            "status": 9,
            "taskLevel": 0,
            "taskScore": 80,
            "title": "测试05020001",
            "totalScore": 4,
            "userCode": "jiaowei",
            "userName": "焦伟"
        },
        {
            "appName": "应用市场-任务管理",
            "appService": "OA_TASK_MANAGER",
            "averageScore": 2.5,
            "circulateUserCode": " ",
            "circulateUserName": " ",
            "createTime": "2017-04-28 17:36:26",
            "description": "122",
            "endDate": "2017-04-28 12:00:00",
            "expired": 0,
            "id": 61987081,
            "isPush": 0,
            "partakeType": 1,
            "partakeUserCode": ",quanxusheng,",
            "partakeUserName": ",全旭升,",
            "partakeUserUuid": "db325539-092f-11e7-bdf9-d00d548b310b",
            "receiveUserCode": "dmr",
            "receiveUserName": "邓明日",
            "replyNum": 1,
            "score": 5,
            "stationCode": "440300120000",
            "stationName": "视频警察支队",
            "status": 9,
            "taskLevel": 2,
            "taskScore": 100,
            "title": "擦擦",
            "totalScore": 5,
            "userCode": "jiaowei",
            "userName": "焦伟"
        },
        {
            "appName": "应用市场-任务管理",
            "appService": "OA_TASK_MANAGER",
            "averageScore": 0,
            "circulateUserCode": " ",
            "circulateUserName": " ",
            "createTime": "2017-04-28 17:31:27",
            "endDate": "2017-04-28 12:00:00",
            "expired": 0,
            "id": 61987079,
            "isPush": 0,
            "partakeType": 1,
            "partakeUserCode": " ",
            "partakeUserName": " ",
            "receiveUserCode": "quanxusheng",
            "receiveUserName": " ",
            "replyNum": 0,
            "score": 5,
            "stationCode": "440300120000",
            "stationName": "视频警察支队",
            "status": 0,
            "taskLevel": 0,
            "title": "摸",
            "totalScore": 0,
            "userCode": "jiaowei",
            "userName": "焦伟"
        },
        {
            "appName": "应用市场-任务管理",
            "appService": "OA_TASK_MANAGER",
            "averageScore": 0,
            "circulateUserCode": " ",
            "circulateUserName": " ",
            "createTime": "2017-04-28 17:01:44",
            "description": "看见了了了了路多头饿木头女女哦了了头特的图诺卡酷女的了咯头好拖了女女诺啊科目诺来次阿宾了啦是破头哦特头目路他路他啊头啦咯了流离失所啦啦啦啦啦捷键",
            "endDate": "2017-04-28 12:00:00",
            "expired": 0,
            "id": 61987054,
            "isPush": 0,
            "partakeType": 1,
            "partakeUserCode": " ",
            "partakeUserName": " ",
            "receiveUserCode": "dmr",
            "receiveUserName": "邓明日",
            "replyNum": 10,
            "score": 5,
            "stationCode": "440300120000",
            "stationName": "视频警察支队",
            "status": 0,
            "taskLevel": 0,
            "title": "测试0428001啦啦123456789",
            "totalScore": 0,
            "userCode": "jiaowei",
            "userName": "焦伟"
        },
        {
            "appName": "应用市场-任务管理",
            "appService": "OA_TASK_MANAGER",
            "averageScore": 4.5,
            "circulateUserCode": ",dmr,xhb,",
            "circulateUserName": ",邓明日,肖和兵,",
            "circulateUserUuid": "e283345e-4967-11e6-b421-d00d548b310be283345e-4967-11e6-b421-d00d548b310b,e9e74ff7-dead-11e6-bdf9-d00d548b310b",
            "createTime": "2017-04-26 15:09:18",
            "description": "测试数据20170426哈哈哈哈哈哈",
            "endDate": "2017-04-26 22:00:00",
            "expired": 0,
            "id": 61942209,
            "isPush": 0,
            "partakeType": 1,
            "partakeUserCode": ",caojian,",
            "partakeUserName": ",曹健,",
            "partakeUserUuid": "3caf2cf4-25f0-4dc8-8a8c-09bf4cc61644",
            "receiveUserCode": "liqiuqun",
            "receiveUserName": "黎秋群",
            "replyNum": 5,
            "score": 9,
            "stationCode": "440300120000",
            "stationName": "视频警察支队",
            "status": 9,
            "taskLevel": 2,
            "taskScore": 100,
            "title": "派单测试数据20170426",
            "totalScore": 9,
            "userCode": "jiaowei",
            "userName": "焦伟"
        },
        {
            "appName": "应用市场-任务管理",
            "appService": "OA_TASK_MANAGER",
            "averageScore": 0,
            "circulateUserCode": ",dmr,wangxi,",
            "circulateUserName": ",邓明日,王曦,",
            "circulateUserUuid": "e283345e-4967-11e6-b421-d00d548b310b,b30ee061-591f-4da6-b829-fddd8eb7a975",
            "createTime": "2017-04-26 11:19:49",
            "description": "任务管理",
            "endDate": "2017-04-30 23:59:00",
            "expired": 0,
            "id": 61941822,
            "isPush": 0,
            "partakeType": 1,
            "partakeUserCode": ",caojian,xhb,",
            "partakeUserName": ",曹健,肖和兵,",
            "partakeUserUuid": "3caf2cf4-25f0-4dc8-8a8c-09bf4cc61644,e9e74ff7-dead-11e6-bdf9-d00d548b310b",
            "receiveUserCode": "liqiuqun",
            "receiveUserName": "黎秋群",
            "replyNum": 5,
            "score": 10,
            "stationCode": "440300120000",
            "stationName": "视频警察支队",
            "status": 1,
            "taskLevel": 1,
            "title": "测试数据111",
            "totalScore": 0,
            "userCode": "jiaowei",
            "userName": "焦伟"
        },
        {
            "appName": "应用市场-综合办公",
            "appService": "SZGAOA",
            "appUrl": "modules/szgaoa/oafwsp.html",
            "averageScore": 0,
            "circulateUserCode": ",yintaiyuan,lxt,",
            "circulateUserName": ",殷泰源,骆协廷,",
            "createTime": "2017-04-14 15:54:53",
            "endDate": "2017-04-14 00:00:00",
            "entityId": "150788266121960163",
            "expired": 0,
            "id": 61730498,
            "isPush": 0,
            "partakeType": 1,
            "partakeUserCode": "yintaiyuan",
            "partakeUserName": "殷泰源",
            "receiveUserCode": "yintaiyuan",
            "receiveUserName": "殷泰源",
            "replyNum": 0,
            "score": 5,
            "stationCode": "440300120000",
            "stationName": "视频警察支队",
            "status": 0,
            "taskLevel": 0,
            "taskScore": 5,
            "title": "201704140003",
            "totalScore": 0,
            "userCode": "jiaowei",
            "userName": "焦伟"
        }
    ],
    "success": true
}